<?xml version="1.0" encoding="utf-8"?>
<openimmo ><uebertragung xmlns="" art="OFFLINE" umfang="TEIL" modus="CHANGE" version="1.2.4" sendersoftware="OOF" senderversion="$Rev: 41634 $" techn_email="berlin@aden-immo.com" timestamp="2014-06-05T16:07:09.0+00:00"/><anbieter xmlns=""><anbieternr>5381</anbieternr><firma>ADEN Immo GmbH</firma><openimmo_anid>5381</openimmo_anid><immobilie><objektkategorie><nutzungsart WOHNEN="1" GEWERBE="0"/><vermarktungsart KAUF="1" MIETE_PACHT="0"/><objektart><wohnung wohnungtyp="ETAGE"/></objektart></objektkategorie><geo><plz>12043</plz><ort>Berlin</ort><geokoordinaten breitengrad="52.48469" laengengrad="13.43079"/><strasse>Donaustraße</strasse><hausnummer>6</hausnummer><land iso_land="DEU"/><etage>4</etage><wohnungsnr>21</wohnungsnr><regionaler_zusatz>Neukölln</regionaler_zusatz></geo><kontaktperson><email_zentrale>berlin@aden-immo.com</email_zentrale><email_direkt>mathias.lehmann@aden-immo.com</email_direkt><tel_zentrale>+49 30 61675115</tel_zentrale><tel_durchw>+49 30 42088380</tel_durchw><tel_fax>+49 30 42088381</tel_fax><tel_handy>+49 176 39652742</tel_handy><name>Lehmann</name><vorname>Mathias</vorname><anrede>Herr</anrede><anrede_brief>Sehr geehrter Herr Lehmann,</anrede_brief><firma>ADEN Immo GmbH</firma><zusatzfeld/><strasse>Hufelandstraße</strasse><hausnummer>23</hausnummer><plz>10407</plz><ort>Berlin</ort><land iso_land="DEU"/><url>www.aden-immo.com</url></kontaktperson><preise><kaufpreis>87700.00</kaufpreis><hausgeld>105.00</hausgeld><kaufpreis_pro_qm>2657.58</kaufpreis_pro_qm><provisionspflichtig>1</provisionspflichtig><aussen_courtage>7,14% inkl. MwSt.</aussen_courtage><waehrung iso_waehrung="EUR"/><stp_sonstige platzart="SONSTIGES" stellplatzmiete="0.00" stellplatzkaufpreis="0.00" anzahl="0"/></preise><versteigerung/><flaechen><wohnflaeche>33.00</wohnflaeche><anzahl_zimmer>1.00</anzahl_zimmer><anzahl_schlafzimmer>1.00</anzahl_schlafzimmer></flaechen><ausstattung><boden LAMINAT="1"/><heizungsart ZENTRAL="1"/><befeuerung FERN="1"/></ausstattung><zustand_angaben><baujahr>1907</baujahr><zustand zustand_art="GEPFLEGT"/><energiepass><epart>VERBRAUCH</epart><gueltig_bis>2023-01-22</gueltig_bis><energieverbrauchkennwert>90.00</energieverbrauchkennwert></energiepass><verkaufstatus stand="OFFEN"/></zustand_angaben><bewertung/><infrastruktur/><freitexte><objekttitel>Tolle renovierte 1-Zimmeraltbauwohnung im Herzen Neuköllns!</objekttitel><dreizeiler/><lage>Im stark aufstrebenden Neukölln liegt die Wohnung unweit der traditionsreichen Sonnenallee. Obwohl der Bezirk als besonders pulsiv bezeichnet wird, handelt es sich hierbei um eine ruhige Seitenstraße, die von klassischen Altbauten geprägt ist. Im begehrten Kiez zwischen dem Maybachufer, den Neuköllnarkarden und dem U-Bhf Herrmanplatz ist eine sehr gute Infrastruktur gewährleistet.</lage><ausstatt_beschr>Das 1-Zimmeraltbauapartment verfügt über knapp 33m². Im geräumigen Zimmer sind schöne Holzdielen verlegt. Sowohl die Küche als auch das Bad haben eine funktionale Aufteilung.</ausstatt_beschr><objektbeschreibung>Die hier angebotene Wohnung befindet sich in einem Altbau aus der Jahrhundertwende. Die Fassade, der Innenhof und das Treppenhaus wurden 2013 neu gestaltet. Im 4. OG des Seitenflügels liegt diese schöne bezugsfreie Wohnung.</objektbeschreibung><sonstige_angaben>www.aden-immo.com</sonstige_angaben></freitexte><anhaenge><anhang location="EXTERN" gruppe="TITELBILD"><anhangtitel>Wohnzimmer</anhangtitel><format>jpg</format><daten><pfad>Foto_25380.jpg</pfad></daten></anhang><anhang location="EXTERN" gruppe="BILD"><anhangtitel>Badezimmer</anhangtitel><format>jpg</format><daten><pfad>Foto_25376.jpg</pfad></daten></anhang><anhang location="EXTERN" gruppe="BILD"><anhangtitel>Küche</anhangtitel><format>jpg</format><daten><pfad>Foto_25374.jpg</pfad></daten></anhang><anhang location="EXTERN" gruppe="BILD"><anhangtitel>Treppenhaus</anhangtitel><format>jpg</format><daten><pfad>Foto_25382.jpg</pfad></daten></anhang><anhang location="EXTERN" gruppe="BILD"><anhangtitel>Hof8</anhangtitel><format>jpg</format><daten><pfad>Foto_26398.jpg</pfad></daten></anhang><anhang location="EXTERN" gruppe="BILD"><anhangtitel>Haus4</anhangtitel><format>jpg</format><daten><pfad>Foto_26400.jpg</pfad></daten></anhang><anhang location="EXTERN" gruppe="GRUNDRISS"><anhangtitel>WE15-17-19-21 nach Renovierung</anhangtitel><format>jpg</format><daten><pfad>Foto_28784.jpg</pfad></daten></anhang></anhaenge><verwaltung_objekt><objektadresse_freigeben>1</objektadresse_freigeben></verwaltung_objekt><verwaltung_techn><objektnr_intern>6562</objektnr_intern><objektnr_extern>BO-DO-6-21</objektnr_extern><aktion aktionart="CHANGE"/><openimmo_obid>5381_6562_BO-DO-6-21</openimmo_obid><kennung_ursprung>onOffice Software</kennung_ursprung><stand_vom>2014-06-05</stand_vom><weitergabe_generell>1</weitergabe_generell></verwaltung_techn></immobilie></anbieter></openimmo>
