<?xml version="1.0" encoding="utf-8"?>
<openimmo ><uebertragung xmlns="" art="OFFLINE" umfang="TEIL" modus="CHANGE" version="1.2.4" sendersoftware="OOF" senderversion="$Rev: 41634 $" techn_email="berlin@aden-immo.com" timestamp="2014-06-04T12:08:05.0+00:00"/><anbieter xmlns=""><anbieternr>5381</anbieternr><firma>ADEN Immo GmbH</firma><openimmo_anid>5381</openimmo_anid><immobilie><objektkategorie><nutzungsart WOHNEN="1" GEWERBE="0"/><vermarktungsart KAUF="1" MIETE_PACHT="0"/><objektart><wohnung wohnungtyp="ETAGE"/></objektart></objektkategorie><geo><plz>10245</plz><ort>Berlin</ort><geokoordinaten breitengrad="52.51183" laengengrad="13.47557"/><strasse>Guertelstr</strasse><hausnummer>28</hausnummer><land iso_land="DEU"/><etage>3</etage><anzahl_etagen>5</anzahl_etagen><regionaler_zusatz>Friedrichshain</regionaler_zusatz></geo><kontaktperson><email_zentrale>berlin@aden-immo.com</email_zentrale><email_direkt>olivier.montero@aden-immo.com</email_direkt><tel_zentrale>+49 30 61675115</tel_zentrale><tel_durchw>+49 30 61675115</tel_durchw><tel_fax>+49 30 61675114</tel_fax><name>Montero</name><vorname>Olivier</vorname><anrede>Herr</anrede><anrede_brief>Cher Monsieur Montero,</anrede_brief><firma>ADEN Immo GmbH</firma><zusatzfeld/><strasse>Günberger Straße</strasse><hausnummer>50</hausnummer><plz>10245</plz><ort>Berlin</ort><land iso_land="DEU"/><url>www.aden-immo.com</url></kontaktperson><preise><kaufpreis>116100.00</kaufpreis><zzg_mehrwertsteuer>1</zzg_mehrwertsteuer><hausgeld>176.00</hausgeld><kaufpreis_pro_qm>2851.18</kaufpreis_pro_qm><provisionspflichtig>1</provisionspflichtig><aussen_courtage mit_mwst="1">7,14% inkl. MwSt.</aussen_courtage><waehrung iso_waehrung="EUR"/><stp_sonstige platzart="SONSTIGES" stellplatzmiete="0.00" stellplatzkaufpreis="0.00" anzahl="0"/></preise><versteigerung/><flaechen><wohnflaeche>40.72</wohnflaeche><anzahl_zimmer>1.00</anzahl_zimmer><anzahl_schlafzimmer>1.00</anzahl_schlafzimmer><anzahl_badezimmer>1.00</anzahl_badezimmer></flaechen><ausstattung><kueche EBK="1" OFFEN="1"/><boden PARKETT="1"/><heizungsart ZENTRAL="1"/><befeuerung FERN="1"/><fahrstuhl PERSONEN="1"/><unterkellert keller="JA"/><bauweise MASSIV="1"/></ausstattung><zustand_angaben><baujahr>1900</baujahr><zustand zustand_art="TEIL_VOLLSANIERT"/><energiepass><epart>VERBRAUCH</epart><gueltig_bis>2023-08-23</gueltig_bis><energieverbrauchkennwert>74.10</energieverbrauchkennwert></energiepass><verkaufstatus stand="OFFEN"/></zustand_angaben><bewertung/><infrastruktur/><freitexte><objekttitel>Top Angebot - Frisch sanierte 1 Zimmer Wohnung!</objekttitel><dreizeiler/><lage>Gelegen ist die Wohnung im Travekiez in Friedrichshain. In nur wenigen Minuten erreichen Sie die beliebte Simon-Dach-Straße.Der U- und S-Bahnhof Frankfurter Allee ist fußläufig erreichbar.</lage><ausstatt_beschr>Diese großzügige 1-Zimmerwohnung mit neuem Wannenbad, und offener Küche verfügt über einen Balkon mit West-Ausrichtung. Im Zimmer und im Flur wurde Echtholzparkett verlegt, das Bad wurde mit einer modernen  Ausstattung versehen. </ausstatt_beschr><objektbeschreibung>Das um 1900 entstandene Berliner Mehrfamilienhaus wurde seit dem letzten Jahr umfassend saniert. So wurde das Haus z.B. auch mit einem modernen Glasaufzug ausgestattet. 
Mehr Infos finden Sie unter www.28guertelstrasse.de</objektbeschreibung><sonstige_angaben>Mehr Infos unter www.28guertelstrasse.de</sonstige_angaben></freitexte><anhaenge><anhang location="EXTERN" gruppe="TITELBILD"><anhangtitel>Facade</anhangtitel><format>jpg</format><daten><pfad>Foto_17474.jpg</pfad></daten></anhang><anhang location="EXTERN" gruppe="GRUNDRISS"><anhangtitel>Floorplan</anhangtitel><format>jpg</format><daten><pfad>Foto_19462.jpg</pfad></daten></anhang><anhang location="EXTERN" gruppe="BILD"><anhangtitel>Wohnzimmer</anhangtitel><format>jpg</format><daten><pfad>Foto_25522.jpg</pfad></daten></anhang><anhang location="EXTERN" gruppe="BILD"><anhangtitel>P1050026</anhangtitel><format>jpg</format><daten><pfad>Foto_23756.jpg</pfad></daten></anhang><anhang location="EXTERN" gruppe="BILD"><anhangtitel>Building </anhangtitel><format>jpg</format><daten><pfad>Foto_17476.jpg</pfad></daten></anhang><anhang location="EXTERN" gruppe="BILD"><anhangtitel>Bathroom </anhangtitel><format>jpg</format><daten><pfad>Foto_19124.jpg</pfad></daten></anhang><anhang location="EXTERN" gruppe="BILD"><anhangtitel>P1040739</anhangtitel><format>jpg</format><daten><pfad>Foto_25520.jpg</pfad></daten></anhang></anhaenge><verwaltung_objekt><objektadresse_freigeben>0</objektadresse_freigeben><verfuegbar_ab>Sofort</verfuegbar_ab><abdatum>2014-06-04</abdatum></verwaltung_objekt><verwaltung_techn><objektnr_intern>4560</objektnr_intern><objektnr_extern>BO-GU-28-16</objektnr_extern><aktion aktionart="CHANGE"/><openimmo_obid>5381_4560_BO-GU-28-16</openimmo_obid><kennung_ursprung>onOffice Software</kennung_ursprung><stand_vom>2014-06-04</stand_vom><weitergabe_generell>1</weitergabe_generell></verwaltung_techn></immobilie></anbieter></openimmo>
