<?xml version="1.0" encoding="utf-8"?>
<openimmo ><uebertragung xmlns="" art="OFFLINE" umfang="TEIL" modus="CHANGE" version="1.2.4" sendersoftware="OOF" senderversion="$Rev: 41634 $" techn_email="berlin@aden-immo.com" timestamp="2014-06-04T10:46:44.0+00:00"/><anbieter xmlns=""><anbieternr>immoneda</anbieternr><firma>ADEN Immo GmbH</firma><openimmo_anid>immoneda</openimmo_anid><immobilie><objektkategorie><nutzungsart WOHNEN="1" GEWERBE="0"/><vermarktungsart KAUF="1" MIETE_PACHT="0"/><objektart><wohnung wohnungtyp="ETAGE"/></objektart></objektkategorie><geo><plz>10245</plz><ort>Berlin</ort><geokoordinaten breitengrad="52.51183" laengengrad="13.47557"/><strasse>Guertelstr</strasse><hausnummer>28</hausnummer><land iso_land="DEU"/><etage>1</etage><anzahl_etagen>5</anzahl_etagen><regionaler_zusatz>Friedrichshain</regionaler_zusatz></geo><kontaktperson><email_zentrale>berlin@aden-immo.com</email_zentrale><email_direkt>olivier.montero@aden-immo.com</email_direkt><tel_zentrale>+49 30 61675115</tel_zentrale><tel_durchw>+49 30 61675115</tel_durchw><tel_fax>+49 30 61675114</tel_fax><name>Montero</name><vorname>Olivier</vorname><anrede>Herr</anrede><anrede_brief>Cher Monsieur Montero,</anrede_brief><firma>ADEN Immo GmbH</firma><zusatzfeld/><strasse>Günberger Straße</strasse><hausnummer>50</hausnummer><plz>10245</plz><ort>Berlin</ort><land iso_land="DEU"/><url>www.aden-immo.com</url></kontaktperson><preise><kaufpreis>99693.00</kaufpreis><kaltmiete>420.00</kaltmiete><warmmiete>505.00</warmmiete><heizkosten_enthalten>1</heizkosten_enthalten><heizkosten>30.00</heizkosten><zzg_mehrwertsteuer>1</zzg_mehrwertsteuer><hausgeld>155.00</hausgeld><kaufpreis_pro_qm>2850.00</kaufpreis_pro_qm><provisionspflichtig>1</provisionspflichtig><aussen_courtage mit_mwst="1">7,14% incl. VAT</aussen_courtage><waehrung iso_waehrung="EUR"/><mieteinnahmen_ist periode="JAHR">4006.91</mieteinnahmen_ist><stp_sonstige platzart="SONSTIGES" stellplatzmiete="0.00" stellplatzkaufpreis="0.00" anzahl="0"/></preise><versteigerung/><flaechen><wohnflaeche>34.98</wohnflaeche><anzahl_zimmer>1.00</anzahl_zimmer><anzahl_schlafzimmer>1.00</anzahl_schlafzimmer><anzahl_badezimmer>1.00</anzahl_badezimmer><balkon_terrasse_flaeche>8.00</balkon_terrasse_flaeche><vermietbare_flaeche>34.98</vermietbare_flaeche></flaechen><ausstattung><kueche EBK="1" OFFEN="1"/><boden FERTIGPARKETT="1"/><heizungsart ZENTRAL="1"/><befeuerung FERN="1"/><fahrstuhl PERSONEN="1"/><unterkellert keller="JA"/></ausstattung><zustand_angaben><baujahr>1900</baujahr><zustand zustand_art="TEIL_VOLLSANIERT"/><verkaufstatus stand="OFFEN"/></zustand_angaben><bewertung/><infrastruktur><distanzen distanz_zu="KINDERGAERTEN">1.00</distanzen></infrastruktur><freitexte><objekttitel>Amazing bargain! renovated 1 room apartement!!</objekttitel><dreizeiler/><lage>Located in the much demanded district of Berlin- Friedrichshain, it has a lot to offer: Restaurants, Cafés, bars are close-by. Also, schools and the popular Traveplatz are within walking distance. S- and U-Bahn provide a very good connection to public transportation. </lage><ausstatt_beschr>The apartment is situated in the 1st floor of the rear building. It consists of one living room, an open kitchen and a bathroom with tub. 
The whole apartment will be renovated and get high-quality wooden floors. New doors, windows and a balcony provide a high standard of living. An elevator is also available.
</ausstatt_beschr><objektbeschreibung>This typical Altbau building was constructed at the beginning of the 20th century. Currtently it is being completely renovated. An elevator will be built, as well as balconies for each apartment. 
We have other apartments to offer in the same building. Contact us for further information!



</objektbeschreibung><sonstige_angaben/></freitexte><anhaenge><anhang location="EXTERN" gruppe="TITELBILD"><anhangtitel>Kitchen</anhangtitel><format>jpg</format><daten><pfad>Foto_23760.jpg</pfad></daten></anhang><anhang location="EXTERN" gruppe="BILD"><anhangtitel>Front building</anhangtitel><format>jpg</format><daten><pfad>Foto_13593.jpg</pfad></daten></anhang><anhang location="EXTERN" gruppe="GRUNDRISS"><anhangtitel>Plan</anhangtitel><format>jpg</format><daten><pfad>Foto_19070.jpg</pfad></daten></anhang><anhang location="EXTERN" gruppe="BILD"><anhangtitel>Living room</anhangtitel><format>jpg</format><daten><pfad>Foto_23762.jpg</pfad></daten></anhang><anhang location="EXTERN" gruppe="BILD"><anhangtitel>Living room</anhangtitel><format>jpg</format><daten><pfad>Foto_19072.jpg</pfad></daten></anhang><anhang location="EXTERN" gruppe="BILD"><anhangtitel>Living room</anhangtitel><format>jpg</format><daten><pfad>Foto_19074.jpg</pfad></daten></anhang><anhang location="EXTERN" gruppe="BILD"><anhangtitel>Bathroom</anhangtitel><format>jpg</format><daten><pfad>Foto_13581.jpg</pfad></daten></anhang><anhang location="EXTERN" gruppe="BILD"><anhangtitel>Fassade</anhangtitel><format>jpg</format><daten><pfad>Foto_19078.jpg</pfad></daten></anhang><anhang location="EXTERN" gruppe="BILD"><anhangtitel>Staircase</anhangtitel><format>jpg</format><daten><pfad>Foto_16188.jpg</pfad></daten></anhang></anhaenge><verwaltung_objekt><objektadresse_freigeben>0</objektadresse_freigeben><verfuegbar_ab>November 2013</verfuegbar_ab><vermietet>1</vermietet></verwaltung_objekt><verwaltung_techn><objektnr_intern>3627</objektnr_intern><objektnr_extern>BO-GU-28-5</objektnr_extern><aktion aktionart="CHANGE"/><openimmo_obid>immoneda_3627_BO-GU-28-5</openimmo_obid><kennung_ursprung>onOffice Software</kennung_ursprung><stand_vom>2014-06-04</stand_vom><weitergabe_generell>1</weitergabe_generell></verwaltung_techn></immobilie></anbieter></openimmo>
