<?xml version="1.0" encoding="utf-8"?>
<openimmo ><uebertragung xmlns="" art="OFFLINE" umfang="TEIL" modus="CHANGE" version="1.2.4" sendersoftware="OOF" senderversion="$Rev: 41634 $" techn_email="berlin@aden-immo.com" timestamp="2014-06-11T09:15:21.0+00:00"/><anbieter xmlns=""><anbieternr>immoneda</anbieternr><firma>ADEN Immo GmbH</firma><openimmo_anid>immoneda</openimmo_anid><immobilie><objektkategorie><nutzungsart WOHNEN="0" GEWERBE="0" ANLAGE="1"/><vermarktungsart KAUF="1" MIETE_PACHT="0"/><objektart><wohnung wohnungtyp="ERDGESCHOSS"/></objektart></objektkategorie><geo><plz>10247</plz><ort>Berlin</ort><geokoordinaten breitengrad="52.50912" laengengrad="13.46949"/><strasse>Jessnerstraße</strasse><hausnummer>66</hausnummer><land iso_land="DEU"/><etage>0</etage><anzahl_etagen>1</anzahl_etagen><wohnungsnr>4</wohnungsnr><regionaler_zusatz>Friedrichshain</regionaler_zusatz></geo><kontaktperson><email_zentrale>berlin@aden-immo.com</email_zentrale><email_direkt>lars.drewes@aden-immo.com</email_direkt><tel_zentrale>+49 30 61675115</tel_zentrale><tel_durchw>+49 151 41908862</tel_durchw><tel_fax>+49 30 61675114</tel_fax><tel_handy>+49 151 41908862</tel_handy><name>Drewes</name><vorname>Lars</vorname><anrede>Herr</anrede><anrede_brief>Sehr geehrter Herr Drewes,</anrede_brief><firma>ADEN Immo GmbH</firma><zusatzfeld/><strasse>Grünberger Str.</strasse><hausnummer>50</hausnummer><plz>10245</plz><ort>Berlin</ort><land iso_land="DEU"/><url>www.aden-immo.com</url></kontaktperson><preise><kaufpreis>168540.00</kaufpreis><hausgeld>227.00</hausgeld><kaufpreis_pro_qm>2155.52</kaufpreis_pro_qm><provisionspflichtig>0</provisionspflichtig><aussen_courtage>7,14 % incl. VAT</aussen_courtage><waehrung iso_waehrung="EUR"/><mieteinnahmen_ist periode="JAHR">5904</mieteinnahmen_ist><stp_sonstige platzart="SONSTIGES" stellplatzmiete="0.00" stellplatzkaufpreis="0.00" anzahl="0"/></preise><versteigerung/><flaechen><wohnflaeche>78.19</wohnflaeche><anzahl_zimmer>3.00</anzahl_zimmer><vermietbare_flaeche>78.19</vermietbare_flaeche></flaechen><ausstattung><boden DIELEN="1"/><heizungsart ZENTRAL="1"/><befeuerung GAS="1"/><unterkellert keller="JA"/></ausstattung><zustand_angaben><baujahr>1900</baujahr><zustand zustand_art="GEPFLEGT"/><verkaufstatus stand="OFFEN"/><user_defined_simplefield feldname="epass_baujahr">1900</user_defined_simplefield></zustand_angaben><bewertung/><infrastruktur/><freitexte><objekttitel>Sure and profitable investment in Berlin!!</objekttitel><dreizeiler/><lage>Beloved area of Friedrichshain - between Frankfurter Allee and Boxhagenerstr. - shops at the corner but still very quiet</lage><ausstatt_beschr>- Nice and modern ground floor apartment
- High-quality laminate - built-in kitchen
- Rent : 492 €
- ROI : 3,58 %</ausstatt_beschr><objektbeschreibung>Typical Altbau from Berlin - new arranged courtyard - refurbished stairways</objektbeschreibung><sonstige_angaben>Advantages:
- up to 30 % cheaper than empty flats
- sure ROI (could be increased by raisinf the rent)
- high potential by resalling : price are increasinf up to 10% yearly in Berlin 
- No taxation on capital gains after 10 years</sonstige_angaben></freitexte><anhaenge><anhang location="EXTERN" gruppe="TITELBILD"><anhangtitel>Front building</anhangtitel><format>jpg</format><daten><pfad>Foto_20458.jpg</pfad></daten></anhang><anhang location="EXTERN" gruppe="BILD"><anhangtitel>Muster aus dem Haus</anhangtitel><format>jpg</format><daten><pfad>Foto_20948.jpg</pfad></daten></anhang><anhang location="EXTERN" gruppe="GRUNDRISS"><anhangtitel>Grundriss</anhangtitel><format>jpg</format><daten><pfad>Foto_20942.jpg</pfad></daten></anhang><anhang location="EXTERN" gruppe="BILD"><anhangtitel>Muster aus dem Haus</anhangtitel><format>jpg</format><daten><pfad>Foto_20952.jpg</pfad></daten></anhang><anhang location="EXTERN" gruppe="BILD"><anhangtitel>Muster aus dem Haus</anhangtitel><format>jpg</format><daten><pfad>Foto_20950.jpg</pfad></daten></anhang><anhang location="EXTERN" gruppe="BILD"><anhangtitel>Courtyard</anhangtitel><format>jpg</format><daten><pfad>Foto_20460.jpg</pfad></daten></anhang><anhang location="EXTERN" gruppe="BILD"><anhangtitel/><format>jpg</format><daten><pfad>Foto_20456.jpg</pfad></daten></anhang><anhang location="EXTERN" gruppe="BILD"><anhangtitel>Energieausweis</anhangtitel><format>jpg</format><daten><pfad>Foto_20944.jpg</pfad></daten></anhang><anhang location="EXTERN" gruppe="BILD"><anhangtitel>Jessnerstraße</anhangtitel><format>jpg</format><daten><pfad>Foto_20946.jpg</pfad></daten></anhang></anhaenge><verwaltung_objekt><objektadresse_freigeben>1</objektadresse_freigeben><vermietet>1</vermietet></verwaltung_objekt><verwaltung_techn><objektnr_intern>5216</objektnr_intern><objektnr_extern>BO-JE-66-4</objektnr_extern><aktion aktionart="CHANGE"/><openimmo_obid>immoneda_5216_BO-JE-66-4</openimmo_obid><kennung_ursprung>onOffice Software</kennung_ursprung><stand_vom>2014-05-20</stand_vom><weitergabe_generell>1</weitergabe_generell></verwaltung_techn></immobilie></anbieter></openimmo>
