<?xml version="1.0" encoding="utf-8"?>
<openimmo ><uebertragung xmlns="" art="OFFLINE" umfang="TEIL" modus="CHANGE" version="1.2.4" sendersoftware="OOF" senderversion="$Rev: 41634 $" techn_email="berlin@aden-immo.com" timestamp="2014-06-04T13:56:07.0+00:00"/><anbieter xmlns=""><anbieternr>5381</anbieternr><firma>ADEN Immo GmbH</firma><openimmo_anid>5381</openimmo_anid><immobilie><objektkategorie><nutzungsart WOHNEN="1" GEWERBE="0"/><vermarktungsart KAUF="1" MIETE_PACHT="0"/><objektart><wohnung wohnungtyp="ETAGE"/></objektart></objektkategorie><geo><plz>12043</plz><ort>Berlin</ort><geokoordinaten breitengrad="52.48469" laengengrad="13.43079"/><strasse>Donaustraße</strasse><hausnummer>6</hausnummer><land iso_land="DEU"/><etage>4</etage><wohnungsnr>9</wohnungsnr><regionaler_zusatz>Neukölln</regionaler_zusatz></geo><kontaktperson><email_zentrale>berlin@aden-immo.com</email_zentrale><email_direkt>mathias.lehmann@aden-immo.com</email_direkt><tel_zentrale>+49 30 61675115</tel_zentrale><tel_durchw>+49 30 42088380</tel_durchw><tel_fax>+49 30 42088381</tel_fax><tel_handy>+49 176 39652742</tel_handy><name>Lehmann</name><vorname>Mathias</vorname><anrede>Herr</anrede><anrede_brief>Sehr geehrter Herr Lehmann,</anrede_brief><firma>ADEN Immo GmbH</firma><zusatzfeld/><strasse>Hufelandstraße</strasse><hausnummer>23</hausnummer><plz>10407</plz><ort>Berlin</ort><land iso_land="DEU"/><url>www.aden-immo.com</url></kontaktperson><preise><kaufpreis>284000.00</kaufpreis><hausgeld>300.00</hausgeld><kaufpreis_pro_qm>2773.17</kaufpreis_pro_qm><provisionspflichtig>1</provisionspflichtig><aussen_courtage>7,14 % TVA compris</aussen_courtage><waehrung iso_waehrung="EUR"/><stp_sonstige platzart="SONSTIGES" stellplatzmiete="0.00" stellplatzkaufpreis="0.00" anzahl="0"/></preise><versteigerung/><flaechen><wohnflaeche>102.41</wohnflaeche><anzahl_zimmer>3.00</anzahl_zimmer><anzahl_schlafzimmer>2.00</anzahl_schlafzimmer></flaechen><ausstattung><boden LAMINAT="1"/><heizungsart ZENTRAL="1"/><befeuerung FERN="1"/></ausstattung><zustand_angaben><baujahr>1907</baujahr><zustand zustand_art="GEPFLEGT"/><verkaufstatus stand="RESERVIERT"/></zustand_angaben><bewertung/><infrastruktur/><freitexte><objekttitel/><dreizeiler/><lage/><ausstatt_beschr/><objektbeschreibung/><sonstige_angaben/></freitexte><anhaenge><anhang location="EXTERN" gruppe="TITELBILD"><anhangtitel>DSC03738</anhangtitel><format>jpg</format><daten><pfad>Foto_26412.jpg</pfad></daten></anhang><anhang location="EXTERN" gruppe="GRUNDRISS"><anhangtitel>WE9</anhangtitel><format>jpg</format><daten><pfad>Foto_25908.jpg</pfad></daten></anhang><anhang location="EXTERN" gruppe="BILD"><anhangtitel>DSC02066</anhangtitel><format>jpg</format><daten><pfad>Foto_25910.jpg</pfad></daten></anhang><anhang location="EXTERN" gruppe="BILD"><anhangtitel>DSCF0252</anhangtitel><format>jpg</format><daten><pfad>Foto_25912.jpg</pfad></daten></anhang><anhang location="EXTERN" gruppe="BILD"><anhangtitel>Eingang</anhangtitel><format>jpg</format><daten><pfad>Foto_26406.jpg</pfad></daten></anhang><anhang location="EXTERN" gruppe="BILD"><anhangtitel>Hof3</anhangtitel><format>jpg</format><daten><pfad>Foto_26408.jpg</pfad></daten></anhang><anhang location="EXTERN" gruppe="BILD"><anhangtitel>TH9</anhangtitel><format>jpg</format><daten><pfad>Foto_26410.jpg</pfad></daten></anhang></anhaenge><verwaltung_objekt><objektadresse_freigeben>1</objektadresse_freigeben></verwaltung_objekt><verwaltung_techn><objektnr_intern>6574</objektnr_intern><objektnr_extern>BO-DO-6-9</objektnr_extern><aktion aktionart="CHANGE"/><openimmo_obid>5381_6574_BO-DO-6-9</openimmo_obid><kennung_ursprung>onOffice Software</kennung_ursprung><stand_vom>2014-06-04</stand_vom><weitergabe_generell>1</weitergabe_generell></verwaltung_techn></immobilie></anbieter></openimmo>
