<?xml version="1.0" encoding="utf-8"?>
<openimmo ><uebertragung xmlns="" art="OFFLINE" umfang="TEIL" modus="CHANGE" version="1.2.4" sendersoftware="OOF" senderversion="$Rev: 41634 $" techn_email="berlin@aden-immo.com" timestamp="2014-06-03T16:03:04.0+00:00"/><anbieter xmlns=""><anbieternr>5381</anbieternr><firma>ADEN Immo GmbH</firma><openimmo_anid>5381</openimmo_anid><immobilie><objektkategorie><nutzungsart WOHNEN="0" GEWERBE="0" ANLAGE="1"/><vermarktungsart KAUF="1" MIETE_PACHT="0"/><objektart><wohnung wohnungtyp="ETAGE"/></objektart></objektkategorie><geo><plz>10245</plz><ort>Berlin</ort><geokoordinaten breitengrad="52.50624" laengengrad="13.46584"/><strasse>Sonntagstraße</strasse><hausnummer>12</hausnummer><land iso_land="DEU"/><etage>2</etage><anzahl_etagen>5</anzahl_etagen><wohnungsnr>21</wohnungsnr><regionaler_zusatz>Friedrichshain</regionaler_zusatz></geo><kontaktperson><email_zentrale>berlin@aden-immo.com</email_zentrale><email_direkt>lars.drewes@aden-immo.com</email_direkt><tel_zentrale>+49 30 61675115</tel_zentrale><tel_durchw>+49 151 41908862</tel_durchw><tel_fax>+49 30 61675114</tel_fax><tel_handy>+49 151 41908862</tel_handy><name>Drewes</name><vorname>Lars</vorname><anrede>Herr</anrede><anrede_brief>Sehr geehrter Herr Drewes,</anrede_brief><firma>ADEN Immo GmbH</firma><zusatzfeld/><strasse>Grünberger Str.</strasse><hausnummer>50</hausnummer><plz>10245</plz><ort>Berlin</ort><land iso_land="DEU"/><url>www.aden-immo.com</url></kontaktperson><preise><kaufpreis>147155.00</kaufpreis><hausgeld>213.25</hausgeld><kaufpreis_pro_qm>2385.01</kaufpreis_pro_qm><provisionspflichtig>0</provisionspflichtig><aussen_courtage>FAI</aussen_courtage><waehrung iso_waehrung="EUR"/><mieteinnahmen_ist periode="JAHR">3867.24</mieteinnahmen_ist><stp_sonstige platzart="SONSTIGES" stellplatzmiete="0.00" stellplatzkaufpreis="0.00" anzahl="0"/></preise><versteigerung/><flaechen><wohnflaeche>61.70</wohnflaeche><anzahl_zimmer>2.00</anzahl_zimmer><anzahl_schlafzimmer>1.00</anzahl_schlafzimmer><anzahl_badezimmer>1.00</anzahl_badezimmer><vermietbare_flaeche>61.70</vermietbare_flaeche></flaechen><ausstattung><boden DIELEN="1"/><heizungsart ZENTRAL="1"/><befeuerung GAS="1"/><unterkellert keller="JA"/></ausstattung><zustand_angaben><baujahr>1900</baujahr><zustand zustand_art="MODERNISIERT"/><verkaufstatus stand="RESERVIERT"/><user_defined_simplefield feldname="epass_baujahr">1900</user_defined_simplefield></zustand_angaben><bewertung/><infrastruktur/><freitexte><objekttitel>Investissement locatif: bel appartement avec balcon!!</objekttitel><dreizeiler/><lage>Idéalement situé dans Friedrichshain, ce bien offre toutes les commodités sur place. Une multitude de restaurants, de cafés, de petits commerces se trouvent dans la rue. De plus la station d´Ostkreuz est à 300m à pied et dessert le Ring-Bahn ainsi que le nouvel aéroport en moins de 30 minutes.</lage><ausstatt_beschr>Ce charmant 2 pièces avec balcon sur rue est vendu loué. 
Le loyer HC est de 322,27€. 

Les photos montrent un autre appartement dans le même immeuble. Des photos de l'appartement sont disponible à la demande.()</ausstatt_beschr><objektbeschreibung>Ce projet à la découpe est en cours de rénovations:
- Façade et balcons
- Nouvel aménagement de la cour intérieure
- Rénovations des cages d´escaliers
- 20.000€ dans le fond de roulement</objektbeschreibung><sonstige_angaben/></freitexte><anhaenge><anhang location="EXTERN" gruppe="TITELBILD"><anhangtitel>Façade</anhangtitel><format>jpg</format><daten><pfad>Foto_16408.jpg</pfad></daten></anhang><anhang location="EXTERN" gruppe="BILD"><anhangtitel>Exemple chambre</anhangtitel><format>jpg</format><daten><pfad>Foto_16400.jpg</pfad></daten></anhang><anhang location="EXTERN" gruppe="GRUNDRISS"><anhangtitel>Plan</anhangtitel><format>jpg</format><daten><pfad>Foto_16410.jpg</pfad></daten></anhang><anhang location="EXTERN" gruppe="BILD"><anhangtitel>Passeport energétique</anhangtitel><format>jpg</format><daten><pfad>Foto_28106.jpg</pfad></daten></anhang><anhang location="EXTERN" gruppe="BILD"><anhangtitel>Detail ancien</anhangtitel><format>jpg</format><daten><pfad>Foto_16394.jpg</pfad></daten></anhang><anhang location="EXTERN" gruppe="BILD"><anhangtitel>Rue</anhangtitel><format>jpg</format><daten><pfad>Foto_16398.jpg</pfad></daten></anhang><anhang location="EXTERN" gruppe="BILD"><anhangtitel>Porte d'entrée</anhangtitel><format>jpg</format><daten><pfad>Foto_16378.jpg</pfad></daten></anhang><anhang location="EXTERN" gruppe="BILD"><anhangtitel>Cage d'escalier</anhangtitel><format>jpg</format><daten><pfad>Foto_16404.jpg</pfad></daten></anhang><anhang location="EXTERN" gruppe="BILD"><anhangtitel>Cage d'escalier</anhangtitel><format>jpg</format><daten><pfad>Foto_16402.jpg</pfad></daten></anhang><anhang location="EXTERN" gruppe="BILD"><anhangtitel>Vue depuis le balcon</anhangtitel><format>jpg</format><daten><pfad>Foto_16392.jpg</pfad></daten></anhang></anhaenge><verwaltung_objekt><objektadresse_freigeben>1</objektadresse_freigeben><vermietet>1</vermietet></verwaltung_objekt><verwaltung_techn><objektnr_intern>4246</objektnr_intern><objektnr_extern>BO-SO-12-21</objektnr_extern><aktion aktionart="CHANGE"/><openimmo_obid>5381_4246_BO-SO-12-21</openimmo_obid><kennung_ursprung>onOffice Software</kennung_ursprung><stand_vom>2014-06-03</stand_vom><weitergabe_generell>1</weitergabe_generell></verwaltung_techn></immobilie></anbieter></openimmo>
