<?xml version="1.0" encoding="utf-8"?>
<openimmo ><uebertragung xmlns="" art="OFFLINE" umfang="TEIL" modus="CHANGE" version="1.2.4" sendersoftware="OOF" senderversion="$Rev: 41634 $" techn_email="berlin@aden-immo.com" timestamp="2014-06-10T09:59:40.0+00:00"/><anbieter xmlns=""><anbieternr>immoneda</anbieternr><firma>ADEN Immo GmbH</firma><openimmo_anid>immoneda</openimmo_anid><immobilie><objektkategorie><nutzungsart WOHNEN="1" GEWERBE="0"/><vermarktungsart KAUF="1" MIETE_PACHT="0"/><objektart><wohnung wohnungtyp="ETAGE"/></objektart></objektkategorie><geo><plz>10247</plz><ort>Berlin</ort><geokoordinaten breitengrad="52.50912" laengengrad="13.46949"/><strasse>Jessnerstraße</strasse><hausnummer>66</hausnummer><land iso_land="DEU"/><etage>3</etage><regionaler_zusatz>Friedrichshain</regionaler_zusatz></geo><kontaktperson><email_zentrale>berlin@aden-immo.com</email_zentrale><email_direkt>lars.drewes@aden-immo.com</email_direkt><tel_zentrale>+49 30 61675115</tel_zentrale><tel_durchw>+49 151 41908862</tel_durchw><tel_fax>+49 30 61675114</tel_fax><tel_handy>+49 151 41908862</tel_handy><name>Drewes</name><vorname>Lars</vorname><anrede>Herr</anrede><anrede_brief>Sehr geehrter Herr Drewes,</anrede_brief><firma>ADEN Immo GmbH</firma><zusatzfeld/><strasse>Grünberger Str.</strasse><hausnummer>50</hausnummer><plz>10245</plz><ort>Berlin</ort><land iso_land="DEU"/><url>www.aden-immo.com</url></kontaktperson><preise><kaufpreis>249000.00</kaufpreis><zzg_mehrwertsteuer>1</zzg_mehrwertsteuer><hausgeld>270.00</hausgeld><kaufpreis_pro_qm>2666.81</kaufpreis_pro_qm><provisionspflichtig>1</provisionspflichtig><aussen_courtage mit_mwst="1">7,14 incl. VAT</aussen_courtage><waehrung iso_waehrung="EUR"/><stp_sonstige platzart="SONSTIGES" stellplatzmiete="0.00" stellplatzkaufpreis="0.00" anzahl="0"/></preise><versteigerung/><flaechen><wohnflaeche>93.37</wohnflaeche><anzahl_zimmer>4.00</anzahl_zimmer><anzahl_schlafzimmer>2.00</anzahl_schlafzimmer></flaechen><ausstattung><kueche OFFEN="1"/><boden/><heizungsart ZENTRAL="1"/><befeuerung GAS="1"/><unterkellert keller="JA"/></ausstattung><zustand_angaben><baujahr>1900</baujahr><zustand zustand_art="TEIL_VOLLRENOVIERUNGSBED"/><verkaufstatus stand="RESERVIERT"/></zustand_angaben><bewertung/><infrastruktur/><freitexte><objekttitel>Rare and generous: 3 room appartment in Altbau</objekttitel><dreizeiler/><lage>Situated in the Jessnerstr. the building is very close to the S-Bahn station Ostkreuz, so that you can be everywhere in Berlin within a few minutes. On Sunday you can walk and be fast on the Boxhagenerstr. and the flea market. The area abounds of restaurants, cafés and boutiques. </lage><ausstatt_beschr>This luminous apartment is situated on the 4th floor of the front building and offers light from the street and the courtyard. The large and comfortable kitchen, the ideal room distribution will convince you and your family. 2 separate bedrooms, a nice living room and a bathroom with tub are at your disposal to become your home. The Altbau details, old handles, old wooden floors and doors give a special atmosphere to this apartment.</ausstatt_beschr><objektbeschreibung>A nice Berliner Altbau in the popular area of Berlin-Fridriechshain. This building is composed of 3 parts, the front building, a side wing and a rear building with a nice and green courtyard with playground for children. Your bicycle will also find his place on the parking.




</objektbeschreibung><sonstige_angaben/></freitexte><anhaenge><anhang location="EXTERN" gruppe="TITELBILD"><anhangtitel>Beispiel Wohnzimmer</anhangtitel><format>jpg</format><daten><pfad>Foto_25044.jpg</pfad></daten></anhang><anhang location="EXTERN" gruppe="BILD"><anhangtitel>Beispiel Schlafzimmer</anhangtitel><format>jpg</format><daten><pfad>Foto_25042.jpg</pfad></daten></anhang><anhang location="EXTERN" gruppe="GRUNDRISS"><anhangtitel>Grundriss ADEN</anhangtitel><format>jpg</format><daten><pfad>Foto_25034.jpg</pfad></daten></anhang><anhang location="EXTERN" gruppe="BILD"><anhangtitel>Beispiel Wohnküche</anhangtitel><format>jpg</format><daten><pfad>Foto_25040.jpg</pfad></daten></anhang><anhang location="EXTERN" gruppe="BILD"><anhangtitel>Beispiel Haustür</anhangtitel><format>jpg</format><daten><pfad>Foto_25038.jpg</pfad></daten></anhang><anhang location="EXTERN" gruppe="BILD"><anhangtitel>Ansicht Hinterhaus</anhangtitel><format>jpg</format><daten><pfad>Foto_25036.jpg</pfad></daten></anhang><anhang location="EXTERN" gruppe="BILD"><anhangtitel>Haustür</anhangtitel><format>jpg</format><daten><pfad>Foto_25050.jpg</pfad></daten></anhang><anhang location="EXTERN" gruppe="BILD"><anhangtitel>Hauseingang</anhangtitel><format>jpg</format><daten><pfad>Foto_25048.jpg</pfad></daten></anhang><anhang location="EXTERN" gruppe="BILD"><anhangtitel>Flur</anhangtitel><format>jpg</format><daten><pfad>Foto_25046.jpg</pfad></daten></anhang></anhaenge><verwaltung_objekt><objektadresse_freigeben>0</objektadresse_freigeben><verfuegbar_ab>instantly</verfuegbar_ab></verwaltung_objekt><verwaltung_techn><objektnr_intern>3275</objektnr_intern><objektnr_extern>BO-JE-66-15</objektnr_extern><aktion aktionart="CHANGE"/><openimmo_obid>immoneda_3275_BO-JE-66-15</openimmo_obid><kennung_ursprung>onOffice Software</kennung_ursprung><stand_vom>2014-05-26</stand_vom><weitergabe_generell>1</weitergabe_generell></verwaltung_techn></immobilie></anbieter></openimmo>
