<?xml version="1.0" encoding="utf-8"?>
<openimmo ><uebertragung xmlns="" art="OFFLINE" umfang="TEIL" modus="CHANGE" version="1.2.4" sendersoftware="OOF" senderversion="$Rev: 41634 $" techn_email="berlin@aden-immo.com" timestamp="2014-06-04T10:49:40.0+00:00"/><anbieter xmlns=""><anbieternr>5381</anbieternr><firma>ADEN Immo GmbH</firma><openimmo_anid>5381</openimmo_anid><immobilie><objektkategorie><nutzungsart WOHNEN="1" GEWERBE="0"/><vermarktungsart KAUF="1" MIETE_PACHT="0"/><objektart><wohnung wohnungtyp="ETAGE"/></objektart></objektkategorie><geo><plz>10245</plz><ort>Berlin</ort><geokoordinaten breitengrad="52.51183" laengengrad="13.47557"/><strasse>Guertelstr</strasse><hausnummer>28</hausnummer><land iso_land="DEU"/><etage>2</etage><regionaler_zusatz>Friedrichshain</regionaler_zusatz></geo><kontaktperson><email_zentrale>berlin@aden-immo.com</email_zentrale><email_direkt>olivier.montero@aden-immo.com</email_direkt><tel_zentrale>+49 30 61675115</tel_zentrale><tel_durchw>+49 30 61675115</tel_durchw><tel_fax>+49 30 61675114</tel_fax><name>Montero</name><vorname>Olivier</vorname><anrede>Herr</anrede><anrede_brief>Cher Monsieur Montero,</anrede_brief><firma>ADEN Immo GmbH</firma><zusatzfeld/><strasse>Günberger Straße</strasse><hausnummer>50</hausnummer><plz>10245</plz><ort>Berlin</ort><land iso_land="DEU"/><url>www.aden-immo.com</url></kontaktperson><preise><kaufpreis>111500.00</kaufpreis><zzg_mehrwertsteuer>1</zzg_mehrwertsteuer><hausgeld>173.00</hausgeld><kaufpreis_pro_qm>2805.74</kaufpreis_pro_qm><provisionspflichtig>1</provisionspflichtig><aussen_courtage mit_mwst="1">7,14% inkl. MwSt.</aussen_courtage><waehrung iso_waehrung="EUR"/><stp_sonstige platzart="SONSTIGES" stellplatzmiete="0.00" stellplatzkaufpreis="0.00" anzahl="0"/></preise><versteigerung/><flaechen><wohnflaeche>39.74</wohnflaeche><anzahl_zimmer>1.00</anzahl_zimmer><anzahl_schlafzimmer>1.00</anzahl_schlafzimmer><anzahl_badezimmer>1.00</anzahl_badezimmer></flaechen><ausstattung><kueche OFFEN="1"/><boden FERTIGPARKETT="1"/><heizungsart ZENTRAL="1"/><befeuerung FERN="1"/><fahrstuhl PERSONEN="1"/><unterkellert keller="JA"/><bauweise MASSIV="1"/></ausstattung><zustand_angaben><baujahr>1900</baujahr><zustand zustand_art="TEIL_VOLLRENOVIERT"/><energiepass><epart>VERBRAUCH</epart><gueltig_bis>2023-08-23</gueltig_bis><energieverbrauchkennwert>74.10</energieverbrauchkennwert></energiepass><verkaufstatus stand="OFFEN"/></zustand_angaben><bewertung/><infrastruktur/><freitexte><objekttitel>Sanierte Singlewohnung mit Balkon!!</objekttitel><dreizeiler/><lage>Gelegen ist die Wohnung im Travekiez in Friedrichshain. In nur wenigen Minuten erreichen Sie die beliebte Simon-Dach-Straße. Geschäfte des täglichen Bedarfs, Schulen, Kitas und der Traveplatz liegen in unmittelbarer Nähe.</lage><ausstatt_beschr>Diese geräumige 1-Zimmerwohnung ist frisch renoviert. Der ca. 30m² große Wohnraum verfügt über eine offene Küche und einen Balkon. In der Wohnung liegt hochwertiger Eichenparkettboden und das Wannenbad wurde modern gefliest.</ausstatt_beschr><objektbeschreibung>Der Altbau wurde  2013 umfangreich saniert. Dabei wurde unter anderem eine Aufzufzugsanlage und Balkone für jede Wohnung errichtet.  Mehrere Wohnungen stehen zum Verkauf. Nähere Informationen finden Sie auch unter www.28guertelstrasse.de</objektbeschreibung><sonstige_angaben/></freitexte><anhaenge><anhang location="EXTERN" gruppe="TITELBILD"><anhangtitel>wohnzimmer </anhangtitel><format>jpg</format><daten><pfad>Foto_16480.jpg</pfad></daten></anhang><anhang location="EXTERN" gruppe="BILD"><anhangtitel>wohnzimmer / Küche</anhangtitel><format>jpg</format><daten><pfad>Foto_16474.jpg</pfad></daten></anhang><anhang location="EXTERN" gruppe="GRUNDRISS"><anhangtitel>Grundriss</anhangtitel><format>jpg</format><daten><pfad>Foto_19068.jpg</pfad></daten></anhang><anhang location="EXTERN" gruppe="BILD"><anhangtitel>Detail </anhangtitel><format>jpg</format><daten><pfad>Foto_16478.jpg</pfad></daten></anhang><anhang location="EXTERN" gruppe="BILD"><anhangtitel>wohnzimmer </anhangtitel><format>jpg</format><daten><pfad>Foto_16482.jpg</pfad></daten></anhang><anhang location="EXTERN" gruppe="BILD"><anhangtitel>Badezimmer</anhangtitel><format>jpg</format><daten><pfad>Foto_16466.jpg</pfad></daten></anhang><anhang location="EXTERN" gruppe="BILD"><anhangtitel>Detail</anhangtitel><format>jpg</format><daten><pfad>Foto_16448.jpg</pfad></daten></anhang><anhang location="EXTERN" gruppe="BILD"><anhangtitel>Aufzug</anhangtitel><format>jpg</format><daten><pfad>Foto_16236.jpg</pfad></daten></anhang><anhang location="EXTERN" gruppe="BILD"><anhangtitel>Gemeinschaftseigentum</anhangtitel><format>jpg</format><daten><pfad>Foto_16444.jpg</pfad></daten></anhang><anhang location="EXTERN" gruppe="BILD"><anhangtitel>Aufzug </anhangtitel><format>jpg</format><daten><pfad>Foto_16446.jpg</pfad></daten></anhang><anhang location="EXTERN" gruppe="BILD"><anhangtitel>Umgebung</anhangtitel><format>jpg</format><daten><pfad>Foto_16452.jpg</pfad></daten></anhang><anhang location="EXTERN" gruppe="BILD"><anhangtitel>Balkone</anhangtitel><format>jpg</format><daten><pfad>Foto_16472.jpg</pfad></daten></anhang></anhaenge><verwaltung_objekt><objektadresse_freigeben>0</objektadresse_freigeben><verfuegbar_ab>Sofort</verfuegbar_ab><abdatum>2014-06-04</abdatum><haustiere>1</haustiere></verwaltung_objekt><verwaltung_techn><objektnr_intern>3025</objektnr_intern><objektnr_extern>BO-GU-28-12</objektnr_extern><aktion aktionart="CHANGE"/><openimmo_obid>5381_3025_BO-GU-28-12</openimmo_obid><kennung_ursprung>onOffice Software</kennung_ursprung><stand_vom>2014-06-04</stand_vom><weitergabe_generell>1</weitergabe_generell></verwaltung_techn></immobilie></anbieter></openimmo>
