<?xml version="1.0" encoding="utf-8"?>
<openimmo ><uebertragung xmlns="" art="OFFLINE" umfang="TEIL" modus="CHANGE" version="1.2.4" sendersoftware="OOF" senderversion="$Rev: 41634 $" techn_email="berlin@aden-immo.com" timestamp="2014-05-15T09:17:04.0+00:00"/><anbieter xmlns=""><anbieternr>adenimmoeb4allcz</anbieternr><firma>ADEN Immo GmbH</firma><openimmo_anid>adenimmoeb4allcz</openimmo_anid><immobilie><objektkategorie><nutzungsart WOHNEN="0" GEWERBE="0" ANLAGE="1"/><vermarktungsart KAUF="1" MIETE_PACHT="0"/><objektart><buero_praxen buero_typ="PRAXIS"/></objektart></objektkategorie><geo><plz>10245</plz><ort>Berlin</ort><geokoordinaten breitengrad="52.50629" laengengrad="13.46586"/><strasse>Sonntagstraße</strasse><hausnummer>12</hausnummer><land iso_land="DEU"/><etage>0</etage><anzahl_etagen>5</anzahl_etagen><regionaler_zusatz>Friedrichshain</regionaler_zusatz></geo><kontaktperson><email_zentrale>berlin@aden-immo.com</email_zentrale><email_direkt>lars.drewes@aden-immo.com</email_direkt><tel_zentrale>+49 30 61675115</tel_zentrale><tel_durchw>+49 151 41908862</tel_durchw><tel_fax>+49 30 61675114</tel_fax><tel_handy>+49 151 41908862</tel_handy><name>Drewes</name><vorname>Lars</vorname><anrede>Herr</anrede><anrede_brief>Sehr geehrter Herr Drewes,</anrede_brief><firma>ADEN Immo GmbH</firma><zusatzfeld/><strasse>Grünberger Str.</strasse><hausnummer>50</hausnummer><plz>10245</plz><ort>Berlin</ort><land iso_land="DEU"/><url>www.aden-immo.com</url></kontaktperson><preise><kaufpreis>254400.00</kaufpreis><kaltmiete>600.00</kaltmiete><hausgeld>381.78</hausgeld><kaufpreis_pro_qm>2120.00</kaufpreis_pro_qm><provisionspflichtig>0</provisionspflichtig><aussen_courtage>Commission Free</aussen_courtage><waehrung iso_waehrung="EUR"/><stp_sonstige platzart="SONSTIGES" stellplatzmiete="0.00" stellplatzkaufpreis="0.00" anzahl="0"/></preise><versteigerung/><flaechen><wohnflaeche>120.00</wohnflaeche><anzahl_zimmer>5.00</anzahl_zimmer><vermietbare_flaeche>120.00</vermietbare_flaeche></flaechen><ausstattung><boden DIELEN="1"/><heizungsart ZENTRAL="1"/><befeuerung GAS="1"/><unterkellert keller="JA"/></ausstattung><zustand_angaben><baujahr>1900</baujahr><zustand zustand_art="GEPFLEGT"/><verkaufstatus stand="OFFEN"/></zustand_angaben><bewertung/><infrastruktur/><freitexte><objekttitel>Investment: rented commercial unit</objekttitel><dreizeiler/><lage>Conveniently located in Friedrichshain, this property offers all the amenities on site. A plethora of restaurants, cafes, small shops are located in the street. Moreover, the Ostkreuz S-bahn station is 300m  away and offers access the Ring-Bahn and the new airport in less than 30 minutes</lage><ausstatt_beschr>This commercial unit is for sale. 
Short term lease with a rent of € 600 HC. 
The return is 2.83%.</ausstatt_beschr><objektbeschreibung>This project for split sale is being renovated: 
- Facade and balconies 
- New layout of the courtyard 
- Renovation of the staircase 
- € 20,000 in working capital</objektbeschreibung><sonstige_angaben/></freitexte><anhaenge><anhang location="EXTERN" gruppe="TITELBILD"><anhangtitel>facade</anhangtitel><format>jpg</format><daten><pfad>Foto_20882.jpg</pfad></daten></anhang><anhang location="EXTERN" gruppe="BILD"><anhangtitel>street</anhangtitel><format>jpg</format><daten><pfad>Foto_20880.jpg</pfad></daten></anhang><anhang location="EXTERN" gruppe="GRUNDRISS"><anhangtitel>staircase</anhangtitel><format>jpg</format><daten><pfad>Foto_20878.jpg</pfad></daten></anhang><anhang location="EXTERN" gruppe="BILD"><anhangtitel>street</anhangtitel><format>jpg</format><daten><pfad>Foto_20876.jpg</pfad></daten></anhang><anhang location="EXTERN" gruppe="BILD"><anhangtitel>parc nearby</anhangtitel><format>jpg</format><daten><pfad>Foto_20908.jpg</pfad></daten></anhang><anhang location="EXTERN" gruppe="BILD"><anhangtitel>facade</anhangtitel><format>jpg</format><daten><pfad>Foto_20910.jpg</pfad></daten></anhang><anhang location="EXTERN" gruppe="BILD"><anhangtitel>energie id</anhangtitel><format>jpg</format><daten><pfad>Foto_28128.jpg</pfad></daten></anhang><anhang location="EXTERN" gruppe="LINKS"><anhangtitel>Link building</anhangtitel><format/><daten><pfad>https://www.dropbox.com/sh/vrmcccyjyltauhp/AACFrSgZW6a2DEV_rZNnDIXJa</pfad></daten></anhang><anhang location="EXTERN" gruppe="LINKS"><anhangtitel>Link Flat</anhangtitel><format/><daten><pfad>https://www.dropbox.com/sh/friecjldkurohpk/AABCeeMyCisrYbSpV08rsFVNa</pfad></daten></anhang></anhaenge><verwaltung_objekt><objektadresse_freigeben>0</objektadresse_freigeben><vermietet>1</vermietet></verwaltung_objekt><verwaltung_techn><objektnr_intern>5410</objektnr_intern><objektnr_extern>BO-SO-12-16</objektnr_extern><aktion aktionart="CHANGE"/><openimmo_obid>adenimmoeb4allcz_5410_BO-SO-12-16</openimmo_obid><kennung_ursprung>onOffice Software</kennung_ursprung><stand_vom>2014-05-15</stand_vom><weitergabe_generell>1</weitergabe_generell></verwaltung_techn></immobilie></anbieter></openimmo>
