<?xml version="1.0" encoding="utf-8"?>
<openimmo ><uebertragung xmlns="" art="OFFLINE" umfang="TEIL" modus="CHANGE" version="1.2.4" sendersoftware="OOF" senderversion="$Rev: 41634 $" techn_email="berlin@aden-immo.com" timestamp="2014-06-04T10:51:16.0+00:00"/><anbieter xmlns=""><anbieternr>5381</anbieternr><firma>ADEN Immo GmbH</firma><openimmo_anid>5381</openimmo_anid><immobilie><objektkategorie><nutzungsart WOHNEN="1" GEWERBE="0"/><vermarktungsart KAUF="1" MIETE_PACHT="0"/><objektart><wohnung wohnungtyp="ETAGE"/></objektart></objektkategorie><geo><plz>10245</plz><ort>Berlin</ort><geokoordinaten breitengrad="52.51183" laengengrad="13.47557"/><strasse>Guertelstr</strasse><hausnummer>28</hausnummer><land iso_land="DEU"/><etage>4</etage><anzahl_etagen>5</anzahl_etagen><regionaler_zusatz>Friedrichshain</regionaler_zusatz></geo><kontaktperson><email_zentrale>berlin@aden-immo.com</email_zentrale><email_direkt>olivier.montero@aden-immo.com</email_direkt><tel_zentrale>+49 30 61675115</tel_zentrale><tel_durchw>+49 30 61675115</tel_durchw><tel_fax>+49 30 61675114</tel_fax><name>Montero</name><vorname>Olivier</vorname><anrede>Herr</anrede><anrede_brief>Cher Monsieur Montero,</anrede_brief><firma>ADEN Immo GmbH</firma><zusatzfeld/><strasse>Günberger Straße</strasse><hausnummer>50</hausnummer><plz>10245</plz><ort>Berlin</ort><land iso_land="DEU"/><url>www.aden-immo.com</url></kontaktperson><preise><kaufpreis>280000.00</kaufpreis><zzg_mehrwertsteuer>1</zzg_mehrwertsteuer><hausgeld>367.00</hausgeld><kaufpreis_pro_qm>3262.64</kaufpreis_pro_qm><provisionspflichtig>1</provisionspflichtig><aussen_courtage mit_mwst="1">7,14% TTC</aussen_courtage><waehrung iso_waehrung="EUR"/><stp_sonstige platzart="SONSTIGES" stellplatzmiete="0.00" stellplatzkaufpreis="0.00" anzahl="0"/></preise><versteigerung/><flaechen><wohnflaeche>85.82</wohnflaeche><anzahl_zimmer>4.00</anzahl_zimmer><anzahl_schlafzimmer>3.00</anzahl_schlafzimmer><anzahl_badezimmer>1.00</anzahl_badezimmer><anzahl_sep_wc>1.00</anzahl_sep_wc></flaechen><ausstattung><kueche OFFEN="1"/><boden FERTIGPARKETT="1"/><heizungsart ZENTRAL="1"/><befeuerung FERN="1"/><fahrstuhl PERSONEN="1"/><unterkellert keller="JA"/></ausstattung><zustand_angaben><baujahr>1900</baujahr><zustand zustand_art="TEIL_VOLLSANIERT"/><verkaufstatus stand="OFFEN"/></zustand_angaben><bewertung/><infrastruktur/><freitexte><objekttitel>Prix abordable pour ce 4-pièces rénové!!</objekttitel><dreizeiler/><lage>L'immeuble est situé dans le quartier très demandé de Friedrichshain, à proximité d'Ostkreuz. Les transports en commun, comme les restaurants, les cafés et bars, sont à quelques minutes à pied (S-Bahn, Tram, Bus).</lage><ausstatt_beschr>Cet appartement, situé au 4ème étage, dispose de 4 pièces, dont un grand séjour avec cuisine ouverte, d'une salle de bains et de 2 balcons. Les rénovations comprenaient également la pose d’un parquet massif en chêne, et de nouvelles fenêtres.</ausstatt_beschr><objektbeschreibung>Cet immeuble de 1900, typique du début du XXème siècle, a était entièrement rénové fin 2013. Un ascenseur et des balcons ont été installés lors des travaux. 
D'autres appartements de différentes tailles et prix sont disponibles. Pour plus d'informations, consultez le site: www.28guertelstrasse.de</objektbeschreibung><sonstige_angaben/></freitexte><anhaenge><anhang location="EXTERN" gruppe="TITELBILD"><anhangtitel>Façade</anhangtitel><format>jpg</format><daten><pfad>Foto_13693.jpg</pfad></daten></anhang><anhang location="EXTERN" gruppe="GRUNDRISS"><anhangtitel>Plan</anhangtitel><format>jpg</format><daten><pfad>Foto_19632.jpg</pfad></daten></anhang><anhang location="EXTERN" gruppe="BILD"><anhangtitel>wohnzimmer</anhangtitel><format>jpg</format><daten><pfad>Foto_21070.jpg</pfad></daten></anhang><anhang location="EXTERN" gruppe="BILD"><anhangtitel>Flur</anhangtitel><format>jpg</format><daten><pfad>Foto_21072.jpg</pfad></daten></anhang><anhang location="EXTERN" gruppe="BILD"><anhangtitel>Balkon</anhangtitel><format>jpg</format><daten><pfad>Foto_21076.jpg</pfad></daten></anhang><anhang location="EXTERN" gruppe="BILD"><anhangtitel>Séjour</anhangtitel><format>jpg</format><daten><pfad>Foto_13643.jpg</pfad></daten></anhang><anhang location="EXTERN" gruppe="BILD"><anhangtitel>Chambre</anhangtitel><format>jpg</format><daten><pfad>Foto_13639.jpg</pfad></daten></anhang><anhang location="EXTERN" gruppe="BILD"><anhangtitel>Balkontür</anhangtitel><format>jpg</format><daten><pfad>Foto_21074.jpg</pfad></daten></anhang><anhang location="EXTERN" gruppe="BILD"><anhangtitel>Ascenseur </anhangtitel><format>jpg</format><daten><pfad>Foto_19090.jpg</pfad></daten></anhang></anhaenge><verwaltung_objekt><objektadresse_freigeben>0</objektadresse_freigeben><verfuegbar_ab>Novembre 2013</verfuegbar_ab></verwaltung_objekt><verwaltung_techn><objektnr_intern>3645</objektnr_intern><objektnr_extern>BO-GU-28-20</objektnr_extern><aktion aktionart="CHANGE"/><openimmo_obid>5381_3645_BO-GU-28-20</openimmo_obid><kennung_ursprung>onOffice Software</kennung_ursprung><stand_vom>2014-06-04</stand_vom><weitergabe_generell>1</weitergabe_generell></verwaltung_techn></immobilie></anbieter></openimmo>
