<?xml version="1.0" encoding="utf-8"?>
<openimmo ><uebertragung xmlns="" art="OFFLINE" umfang="TEIL" modus="CHANGE" version="1.2.4" sendersoftware="OOF" senderversion="$Rev: 41634 $" techn_email="berlin@aden-immo.com" timestamp="2014-06-04T12:32:22.0+00:00"/><anbieter xmlns=""><anbieternr>5381</anbieternr><firma>ADEN Immo GmbH</firma><openimmo_anid>5381</openimmo_anid><immobilie><objektkategorie><nutzungsart WOHNEN="0" GEWERBE="0" ANLAGE="1"/><vermarktungsart KAUF="1" MIETE_PACHT="0"/><objektart><buero_praxen buero_typ="PRAXIS"/></objektart></objektkategorie><geo><plz>10245</plz><ort>Berlin</ort><geokoordinaten breitengrad="52.50624" laengengrad="13.46584"/><strasse>Sonntagstraße</strasse><hausnummer>12</hausnummer><land iso_land="DEU"/><etage>0</etage><anzahl_etagen>5</anzahl_etagen><regionaler_zusatz>Friedrichshain</regionaler_zusatz></geo><kontaktperson><email_zentrale>berlin@aden-immo.com</email_zentrale><email_direkt>lars.drewes@aden-immo.com</email_direkt><tel_zentrale>+49 30 61675115</tel_zentrale><tel_durchw>+49 151 41908862</tel_durchw><tel_fax>+49 30 61675114</tel_fax><tel_handy>+49 151 41908862</tel_handy><name>Drewes</name><vorname>Lars</vorname><anrede>Herr</anrede><anrede_brief>Sehr geehrter Herr Drewes,</anrede_brief><firma>ADEN Immo GmbH</firma><zusatzfeld/><strasse>Grünberger Str.</strasse><hausnummer>50</hausnummer><plz>10245</plz><ort>Berlin</ort><land iso_land="DEU"/><url>www.aden-immo.com</url></kontaktperson><preise><kaufpreis>254400.00</kaufpreis><kaltmiete>600.00</kaltmiete><hausgeld>381.78</hausgeld><kaufpreis_pro_qm>2120.00</kaufpreis_pro_qm><provisionspflichtig>0</provisionspflichtig><aussen_courtage>PROVISIONSFREI</aussen_courtage><waehrung iso_waehrung="EUR"/><stp_sonstige platzart="SONSTIGES" stellplatzmiete="0.00" stellplatzkaufpreis="0.00" anzahl="0"/></preise><versteigerung/><flaechen><wohnflaeche>120.00</wohnflaeche><anzahl_zimmer>5.00</anzahl_zimmer><vermietbare_flaeche>120.00</vermietbare_flaeche></flaechen><ausstattung><boden DIELEN="1"/><heizungsart ZENTRAL="1"/><befeuerung GAS="1"/><unterkellert keller="JA"/><bauweise MASSIV="1"/></ausstattung><zustand_angaben><baujahr>1900</baujahr><zustand zustand_art="GEPFLEGT"/><energiepass><mitwarmwasser>1</mitwarmwasser><epart>VERBRAUCH</epart><gueltig_bis>2018-08-25</gueltig_bis><energieverbrauchkennwert>123.00</energieverbrauchkennwert></energiepass><verkaufstatus stand="OFFEN"/></zustand_angaben><bewertung/><infrastruktur/><freitexte><objekttitel>!!PROVISIONSFREI!! Vermietete Gewerbeeinheit in der Böcklinstraße</objekttitel><dreizeiler/><lage>Das Haus befindet sich in direkter Nähe zum S-Bahnhof Ostkreuz, der sehr gute Verkehrsanbindung in die gesamte Stadt bietet. Im aufstrebenden Kiez liegend, haben Sie hier Cafés, Restaurants und Shops und mit dem Annemirl-Bauer-Platz um die Ecke, einen Entspannungsort.</lage><ausstatt_beschr>Zum Verkauf steht eine Gewerbeeinheit, die sich im sehr ruhigen Seitenflügel befindet. Zur Zeit ist die Gewerbeeinheit an eine Naturheilpraxis vermietet. Die monatliche NKM liegt bei 600,-€, die damit zu berechnende Rendite beträgt 2,83%.</ausstatt_beschr><objektbeschreibung>Das schöne Altbauhaus aus 1900 ist dieses Jahr mit verscheidenen Maßnahmen instand gesetzt worden nachdem das Haus 1991 bereits modernisiert wurde. Es handelt sich hier um ein Aufteilungsprojekt mit mehreren Wohnungen die zu erwerben sind.</objektbeschreibung><sonstige_angaben>ADEN Immo - eine der ersten deutsch-französischen Immobilienagenturen in Berlin! Wir sind zugleich Immobilienberater und Immobilienmakler. Wir gestalten privaten und professionellen Kunden den Zugang zum Berliner und Pariser Immobilienmarkt einfach und entspannt.


Adresse:
Grünberger Straße 50, 10245 Berlin

Kontakt: 0 30 616 75 115 
www.aden-immo.de</sonstige_angaben></freitexte><anhaenge><anhang location="EXTERN" gruppe="TITELBILD"><anhangtitel>Fassade</anhangtitel><format>jpg</format><daten><pfad>Foto_20882.jpg</pfad></daten></anhang><anhang location="EXTERN" gruppe="BILD"><anhangtitel>Straße</anhangtitel><format>jpg</format><daten><pfad>Foto_20880.jpg</pfad></daten></anhang><anhang location="EXTERN" gruppe="GRUNDRISS"><anhangtitel>Treppenhaus</anhangtitel><format>jpg</format><daten><pfad>Foto_20878.jpg</pfad></daten></anhang><anhang location="EXTERN" gruppe="BILD"><anhangtitel/><format>jpg</format><daten><pfad>Foto_20876.jpg</pfad></daten></anhang><anhang location="EXTERN" gruppe="BILD"><anhangtitel>Park in der Nähe</anhangtitel><format>jpg</format><daten><pfad>Foto_20908.jpg</pfad></daten></anhang><anhang location="EXTERN" gruppe="BILD"><anhangtitel>Fassade</anhangtitel><format>jpg</format><daten><pfad>Foto_20910.jpg</pfad></daten></anhang><anhang location="EXTERN" gruppe="BILD"><anhangtitel>Energieausweis ein Seite Sonntag</anhangtitel><format>jpg</format><daten><pfad>Foto_28128.jpg</pfad></daten></anhang></anhaenge><verwaltung_objekt><objektadresse_freigeben>0</objektadresse_freigeben><verfuegbar_ab>Sofort</verfuegbar_ab><vermietet>1</vermietet><gewerbliche_nutzung>1</gewerbliche_nutzung></verwaltung_objekt><verwaltung_techn><objektnr_intern>5409</objektnr_intern><objektnr_extern>BO-SO-12-16</objektnr_extern><aktion aktionart="CHANGE"/><openimmo_obid>5381_5409_BO-SO-12-16</openimmo_obid><kennung_ursprung>onOffice Software</kennung_ursprung><stand_vom>2014-06-04</stand_vom><weitergabe_generell>1</weitergabe_generell></verwaltung_techn></immobilie></anbieter></openimmo>
