<?xml version="1.0" encoding="utf-8"?>
<openimmo ><uebertragung xmlns="" art="OFFLINE" umfang="TEIL" modus="CHANGE" version="1.2.4" sendersoftware="OOF" senderversion="$Rev: 41634 $" techn_email="berlin@aden-immo.com" timestamp="2014-06-10T09:48:44.0+00:00"/><anbieter xmlns=""><anbieternr>5381</anbieternr><firma>ADEN Immo GmbH</firma><openimmo_anid>5381</openimmo_anid><immobilie><objektkategorie><nutzungsart WOHNEN="1" GEWERBE="0"/><vermarktungsart KAUF="1" MIETE_PACHT="0"/><objektart><wohnung wohnungtyp="ETAGE"/></objektart></objektkategorie><geo><plz>10245</plz><ort>Berlin</ort><geokoordinaten breitengrad="52.51183" laengengrad="13.47557"/><strasse>Guertelstr</strasse><hausnummer>28</hausnummer><land iso_land="DEU"/><etage>1</etage><anzahl_etagen>5</anzahl_etagen><regionaler_zusatz>Friedrichshain</regionaler_zusatz></geo><kontaktperson><email_zentrale>berlin@aden-immo.com</email_zentrale><email_direkt>olivier.montero@aden-immo.com</email_direkt><tel_zentrale>+49 30 61675115</tel_zentrale><tel_durchw>+49 30 61675115</tel_durchw><tel_fax>+49 30 61675114</tel_fax><name>Montero</name><vorname>Olivier</vorname><anrede>Herr</anrede><anrede_brief>Cher Monsieur Montero,</anrede_brief><firma>ADEN Immo GmbH</firma><zusatzfeld/><strasse>Günberger Straße</strasse><hausnummer>50</hausnummer><plz>10245</plz><ort>Berlin</ort><land iso_land="DEU"/><url>www.aden-immo.com</url></kontaktperson><preise><kaufpreis>130000.00</kaufpreis><zzg_mehrwertsteuer>1</zzg_mehrwertsteuer><hausgeld>178.00</hausgeld><kaufpreis_pro_qm>3171.51</kaufpreis_pro_qm><provisionspflichtig>1</provisionspflichtig><aussen_courtage mit_mwst="1">7,14% TTC</aussen_courtage><waehrung iso_waehrung="EUR"/><stp_sonstige platzart="SONSTIGES" stellplatzmiete="0.00" stellplatzkaufpreis="0.00" anzahl="0"/></preise><versteigerung/><flaechen><wohnflaeche>40.99</wohnflaeche><anzahl_zimmer>2.00</anzahl_zimmer><anzahl_schlafzimmer>1.00</anzahl_schlafzimmer><anzahl_badezimmer>1.00</anzahl_badezimmer></flaechen><ausstattung><kueche OFFEN="1"/><boden FERTIGPARKETT="1"/><heizungsart ZENTRAL="1"/><befeuerung FERN="1"/><fahrstuhl PERSONEN="1"/><unterkellert keller="JA"/></ausstattung><zustand_angaben><baujahr>1900</baujahr><zustand zustand_art="TEIL_VOLLSANIERT"/><verkaufstatus stand="OFFEN"/></zustand_angaben><bewertung/><infrastruktur/><freitexte><objekttitel>Rénové: charmant 2-pièces avec balcon</objekttitel><dreizeiler/><lage>L'immeuble est situé dans le quartier très demandé de Friedrichshain, à proximité d'Ostkreuz. Les transports en commun, comme les restaurants, les cafés et bars, sont à quelques minutes à pied (S-Bahn, Tram, Bus).</lage><ausstatt_beschr>Cet appartement, situé au 1er étage, dispose de 2 pièces. Le salon avec cuisine ouverte donne accès au balcon. La salle de bain dispose d'équipements modernes. Lors des travaux on a posé des beaux parquets en chêne.</ausstatt_beschr><objektbeschreibung>Cet immeuble construit au début du XXème siècle, a fait l'objet d'une rénovation complète. Il se trouve en retrait par rapport à la rue. L'immeuble dispose d' un ascenseur ainsi que des balcons pour tous les appartements.</objektbeschreibung><sonstige_angaben/></freitexte><anhaenge><anhang location="EXTERN" gruppe="TITELBILD"><anhangtitel>Salon avec balcon</anhangtitel><format>jpg</format><daten><pfad>Foto_16486.jpg</pfad></daten></anhang><anhang location="EXTERN" gruppe="BILD"><anhangtitel>Façade</anhangtitel><format>jpg</format><daten><pfad>Foto_13595.jpg</pfad></daten></anhang><anhang location="EXTERN" gruppe="GRUNDRISS"><anhangtitel>Plan</anhangtitel><format>jpg</format><daten><pfad>Foto_19060.jpg</pfad></daten></anhang><anhang location="EXTERN" gruppe="BILD"><anhangtitel>Salon</anhangtitel><format>jpg</format><daten><pfad>Foto_16484.jpg</pfad></daten></anhang><anhang location="EXTERN" gruppe="BILD"><anhangtitel>Salle de bain</anhangtitel><format>jpg</format><daten><pfad>Foto_13599.jpg</pfad></daten></anhang><anhang location="EXTERN" gruppe="BILD"><anhangtitel>Chambre</anhangtitel><format>jpg</format><daten><pfad>Foto_16488.jpg</pfad></daten></anhang><anhang location="EXTERN" gruppe="BILD"><anhangtitel>Entrée et cage d'escalier</anhangtitel><format>jpg</format><daten><pfad>Foto_16494.jpg</pfad></daten></anhang><anhang location="EXTERN" gruppe="BILD"><anhangtitel>Balcon </anhangtitel><format>jpg</format><daten><pfad>Foto_16496.jpg</pfad></daten></anhang><anhang location="EXTERN" gruppe="BILD"><anhangtitel>Environs</anhangtitel><format>jpg</format><daten><pfad>Foto_16492.jpg</pfad></daten></anhang></anhaenge><verwaltung_objekt><objektadresse_freigeben>0</objektadresse_freigeben><verfuegbar_ab>Novembre 2013</verfuegbar_ab></verwaltung_objekt><verwaltung_techn><objektnr_intern>2981</objektnr_intern><objektnr_extern>BO-GU-28-6</objektnr_extern><aktion aktionart="CHANGE"/><openimmo_obid>5381_2981_BO-GU-28-6</openimmo_obid><kennung_ursprung>onOffice Software</kennung_ursprung><stand_vom>2014-06-05</stand_vom><weitergabe_generell>1</weitergabe_generell></verwaltung_techn></immobilie></anbieter></openimmo>
