<?xml version="1.0" encoding="utf-8"?>
<openimmo ><uebertragung xmlns="" art="OFFLINE" umfang="TEIL" modus="CHANGE" version="1.2.4" sendersoftware="OOF" senderversion="$Rev: 41634 $" techn_email="berlin@aden-immo.com" timestamp="2014-06-11T08:51:34.0+00:00"/><anbieter xmlns=""><anbieternr>immoneda</anbieternr><firma>ADEN Immo GmbH</firma><openimmo_anid>immoneda</openimmo_anid><immobilie><objektkategorie><nutzungsart WOHNEN="1" GEWERBE="0"/><vermarktungsart KAUF="1" MIETE_PACHT="0"/><objektart><wohnung wohnungtyp="MAISONETTE"/></objektart></objektkategorie><geo><plz>10247</plz><ort>Berlin</ort><geokoordinaten breitengrad="52.50912" laengengrad="13.46949"/><strasse>Jessnerstraße</strasse><hausnummer>66</hausnummer><land iso_land="DEU"/><etage>2</etage><anzahl_etagen>2</anzahl_etagen><wohnungsnr>13</wohnungsnr><regionaler_zusatz>Friedrichshain</regionaler_zusatz></geo><kontaktperson><email_zentrale>berlin@aden-immo.com</email_zentrale><email_direkt>lars.drewes@aden-immo.com</email_direkt><tel_zentrale>+49 30 61675115</tel_zentrale><tel_durchw>+49 151 41908862</tel_durchw><tel_fax>+49 30 61675114</tel_fax><tel_handy>+49 151 41908862</tel_handy><name>Drewes</name><vorname>Lars</vorname><anrede>Herr</anrede><anrede_brief>Sehr geehrter Herr Drewes,</anrede_brief><firma>ADEN Immo GmbH</firma><zusatzfeld/><strasse>Grünberger Str.</strasse><hausnummer>50</hausnummer><plz>10245</plz><ort>Berlin</ort><land iso_land="DEU"/><url>www.aden-immo.com</url></kontaktperson><preise><kaufpreis>167403.00</kaufpreis><kaufpreis_pro_qm>2385.00</kaufpreis_pro_qm><provisionspflichtig>0</provisionspflichtig><aussen_courtage>7,14% incl. VAT</aussen_courtage><waehrung iso_waehrung="EUR"/><mieteinnahmen_ist periode="JAHR">5640</mieteinnahmen_ist><stp_sonstige platzart="SONSTIGES" stellplatzmiete="0.00" stellplatzkaufpreis="0.00" anzahl="0"/></preise><versteigerung/><flaechen><wohnflaeche>70.19</wohnflaeche><anzahl_zimmer>3.00</anzahl_zimmer><vermietbare_flaeche>70.19</vermietbare_flaeche></flaechen><ausstattung><boden DIELEN="1"/><heizungsart ZENTRAL="1"/><befeuerung GAS="1"/><unterkellert keller="JA"/></ausstattung><zustand_angaben><baujahr>1900</baujahr><zustand zustand_art="GEPFLEGT"/><verkaufstatus stand="OFFEN"/><user_defined_simplefield feldname="epass_baujahr">1900</user_defined_simplefield></zustand_angaben><bewertung/><infrastruktur/><freitexte><objekttitel>Hot deal! 3,58% ROI for a nice Altbau Maisonette</objekttitel><dreizeiler/><lage/><ausstatt_beschr/><objektbeschreibung/><sonstige_angaben/></freitexte><anhaenge><anhang location="EXTERN" gruppe="TITELBILD"><anhangtitel>Musterfotos aus dem Haus</anhangtitel><format>jpg</format><daten><pfad>Foto_20440.jpg</pfad></daten></anhang><anhang location="EXTERN" gruppe="BILD"><anhangtitel>Musterfoto aus dem Haus</anhangtitel><format>jpg</format><daten><pfad>Foto_20442.jpg</pfad></daten></anhang><anhang location="EXTERN" gruppe="GRUNDRISS"><anhangtitel>WE13</anhangtitel><format>jpg</format><daten><pfad>Foto_20936.jpg</pfad></daten></anhang><anhang location="EXTERN" gruppe="BILD"><anhangtitel>Musterfoto aus dem Haus</anhangtitel><format>jpg</format><daten><pfad>Foto_20444.jpg</pfad></daten></anhang><anhang location="EXTERN" gruppe="BILD"><anhangtitel>Innenhof</anhangtitel><format>jpg</format><daten><pfad>Foto_20448.jpg</pfad></daten></anhang><anhang location="EXTERN" gruppe="BILD"><anhangtitel>Energieausweis</anhangtitel><format>jpg</format><daten><pfad>Foto_20940.jpg</pfad></daten></anhang><anhang location="EXTERN" gruppe="BILD"><anhangtitel>Jessnerstraße 66</anhangtitel><format>jpg</format><daten><pfad>Foto_20938.jpg</pfad></daten></anhang><anhang location="EXTERN" gruppe="BILD"><anhangtitel>Innenhof</anhangtitel><format>jpg</format><daten><pfad>Foto_20452.jpg</pfad></daten></anhang><anhang location="EXTERN" gruppe="GRUNDRISS"><anhangtitel>Straßenansicht</anhangtitel><format>jpg</format><daten><pfad>Foto_20446.jpg</pfad></daten></anhang></anhaenge><verwaltung_objekt><objektadresse_freigeben>1</objektadresse_freigeben><vermietet>1</vermietet></verwaltung_objekt><verwaltung_techn><objektnr_intern>5240</objektnr_intern><objektnr_extern>BO-JE-66-13</objektnr_extern><aktion aktionart="CHANGE"/><openimmo_obid>immoneda_5240_BO-JE-66-13</openimmo_obid><kennung_ursprung>onOffice Software</kennung_ursprung><stand_vom>2014-05-20</stand_vom><weitergabe_generell>1</weitergabe_generell></verwaltung_techn></immobilie></anbieter></openimmo>
