<?xml version="1.0" encoding="utf-8"?>
<openimmo ><uebertragung xmlns="" art="OFFLINE" umfang="TEIL" modus="CHANGE" version="1.2.4" sendersoftware="OOF" senderversion="$Rev: 41634 $" techn_email="berlin@aden-immo.com" timestamp="2014-07-10T10:09:35.0+00:00"/><anbieter xmlns=""><anbieternr>immoneda</anbieternr><firma>ADEN Immo GmbH</firma><openimmo_anid>immoneda</openimmo_anid><immobilie><objektkategorie><nutzungsart WOHNEN="1" GEWERBE="0"/><vermarktungsart KAUF="1" MIETE_PACHT="0"/><objektart><haus/></objektart></objektkategorie><geo><plz>13359</plz><ort>Berlin</ort><strasse>Soldiner Straße</strasse><hausnummer>37</hausnummer><land iso_land="DEU"/><regionaler_zusatz>Wedding</regionaler_zusatz></geo><kontaktperson><email_zentrale>berlin@aden-immo.com</email_zentrale><email_direkt>arnaud.schott@aden-immo.com</email_direkt><tel_zentrale>+49 30 61675115</tel_zentrale><tel_durchw>+49 30 61675115</tel_durchw><tel_fax>+49 30 61675114</tel_fax><tel_handy>+49 176 28457590</tel_handy><name>Schott</name><vorname>Arnaud</vorname><anrede>Herr</anrede><anrede_brief>Sehr geehrter Herr Schott,</anrede_brief><firma>ADEN Immo GmbH</firma><zusatzfeld/><strasse>Mehringdamm</strasse><hausnummer>77</hausnummer><plz>10965</plz><ort>Berlin</ort><land iso_land="DEU"/><url>www.aden-immo.com</url></kontaktperson><preise><kaufpreis>3475000.00</kaufpreis><kaufpreis_pro_qm>1449.12</kaufpreis_pro_qm><provisionspflichtig>1</provisionspflichtig><waehrung iso_waehrung="EUR"/><mieteinnahmen_ist periode="JAHR">142331.64</mieteinnahmen_ist><stp_sonstige platzart="SONSTIGES" stellplatzmiete="0.00" stellplatzkaufpreis="0.00" anzahl="0"/></preise><versteigerung/><flaechen><wohnflaeche>2398.00</wohnflaeche><gesamtflaeche>2398.00</gesamtflaeche><grundstuecksflaeche>1020.00</grundstuecksflaeche><anzahl_wohneinheiten>42.00</anzahl_wohneinheiten></flaechen><ausstattung><boden/><heizungsart ZENTRAL="1"/><befeuerung OEL="1"/></ausstattung><zustand_angaben><baujahr>1891</baujahr><zustand zustand_art="GEPFLEGT"/><verkaufstatus stand="OFFEN"/></zustand_angaben><bewertung/><infrastruktur/><freitexte><objekttitel/><dreizeiler/><lage/><ausstatt_beschr/><objektbeschreibung/><sonstige_angaben/></freitexte><anhaenge><anhang location="EXTERN" gruppe="TITELBILD"><anhangtitel/><format>jpg</format><daten><pfad>Foto_27904.jpg</pfad></daten></anhang><anhang location="EXTERN" gruppe="BILD"><anhangtitel>Eingangsbereich</anhangtitel><format>jpg</format><daten><pfad>Foto_27902.jpg</pfad></daten></anhang><anhang location="EXTERN" gruppe="BILD"><anhangtitel/><format>jpg</format><daten><pfad>Foto_27906.jpg</pfad></daten></anhang><anhang location="EXTERN" gruppe="BILD"><anhangtitel>Rückseite</anhangtitel><format>jpg</format><daten><pfad>Foto_27908.jpg</pfad></daten></anhang></anhaenge><verwaltung_objekt><objektadresse_freigeben>0</objektadresse_freigeben><vermietet>1</vermietet></verwaltung_objekt><verwaltung_techn><objektnr_intern>7392</objektnr_intern><objektnr_extern>EL-SOL-37</objektnr_extern><aktion aktionart="CHANGE"/><openimmo_obid>immoneda_7392_EL-SOL-37</openimmo_obid><kennung_ursprung>onOffice Software</kennung_ursprung><stand_vom>2014-07-10</stand_vom><weitergabe_generell>1</weitergabe_generell></verwaltung_techn></immobilie></anbieter></openimmo>
