<?xml version="1.0" encoding="utf-8"?>
<openimmo ><uebertragung xmlns="" art="OFFLINE" umfang="TEIL" modus="DELETE" version="1.2.4" sendersoftware="OOF" senderversion="$Rev: 41634 $" techn_email="berlin@aden-immo.com" timestamp="2014-05-15T08:41:39.0+00:00"/><anbieter xmlns=""><anbieternr>adenimmoeb4allcz</anbieternr><firma>ADEN Immo GmbH</firma><openimmo_anid>adenimmoeb4allcz</openimmo_anid><immobilie><objektkategorie><nutzungsart WOHNEN="0" GEWERBE="0" ANLAGE="1"/><vermarktungsart KAUF="1" MIETE_PACHT="0"/><objektart><wohnung wohnungtyp="ETAGE"/></objektart></objektkategorie><geo><plz>10245</plz><ort>Berlin</ort><geokoordinaten breitengrad="52.50629" laengengrad="13.46586"/></geo><kontaktperson><email_zentrale>berlin@aden-immo.com</email_zentrale><email_direkt>lars.drewes@aden-immo.com</email_direkt><tel_zentrale>+49 30 61675115</tel_zentrale><tel_durchw>+49 151 41908862</tel_durchw><name/></kontaktperson><verwaltung_techn><objektnr_intern>5306</objektnr_intern><objektnr_extern>BO-BO-06-24</objektnr_extern><aktion aktionart="DELETE"/><openimmo_obid>adenimmoeb4allcz_5306_BO-BO-06-24</openimmo_obid><kennung_ursprung>onOffice Software</kennung_ursprung><stand_vom>2014-05-14</stand_vom><weitergabe_generell>1</weitergabe_generell></verwaltung_techn></immobilie></anbieter></openimmo>
