<?xml version="1.0" encoding="utf-8"?>
<openimmo ><uebertragung xmlns="" art="OFFLINE" umfang="TEIL" modus="CHANGE" version="1.2.4" sendersoftware="OOF" senderversion="$Rev: 41634 $" techn_email="berlin@aden-immo.com" timestamp="2014-06-04T10:50:38.0+00:00"/><anbieter xmlns=""><anbieternr>5381</anbieternr><firma>ADEN Immo GmbH</firma><openimmo_anid>5381</openimmo_anid><immobilie><objektkategorie><nutzungsart WOHNEN="1" GEWERBE="0"/><vermarktungsart KAUF="1" MIETE_PACHT="0"/><objektart><wohnung wohnungtyp="ETAGE"/></objektart></objektkategorie><geo><plz>10245</plz><ort>Berlin</ort><geokoordinaten breitengrad="52.51183" laengengrad="13.47557"/><strasse>Guertelstr</strasse><hausnummer>28</hausnummer><land iso_land="DEU"/><etage>4</etage><anzahl_etagen>5</anzahl_etagen><regionaler_zusatz>Friedrichshain</regionaler_zusatz></geo><kontaktperson><email_zentrale>berlin@aden-immo.com</email_zentrale><email_direkt>olivier.montero@aden-immo.com</email_direkt><tel_zentrale>+49 30 61675115</tel_zentrale><tel_durchw>+49 30 61675115</tel_durchw><tel_fax>+49 30 61675114</tel_fax><name>Montero</name><vorname>Olivier</vorname><anrede>Herr</anrede><anrede_brief>Cher Monsieur Montero,</anrede_brief><firma>ADEN Immo GmbH</firma><zusatzfeld/><strasse>Günberger Straße</strasse><hausnummer>50</hausnummer><plz>10245</plz><ort>Berlin</ort><land iso_land="DEU"/><url>www.aden-immo.com</url></kontaktperson><preise><kaufpreis>260000.00</kaufpreis><zzg_mehrwertsteuer>1</zzg_mehrwertsteuer><hausgeld>345.00</hausgeld><kaufpreis_pro_qm>3257.33</kaufpreis_pro_qm><provisionspflichtig>1</provisionspflichtig><aussen_courtage mit_mwst="1">7,14% inkl. MwSt.</aussen_courtage><waehrung iso_waehrung="EUR"/><stp_sonstige platzart="SONSTIGES" stellplatzmiete="0.00" stellplatzkaufpreis="0.00" anzahl="0"/></preise><versteigerung/><flaechen><wohnflaeche>79.82</wohnflaeche><anzahl_zimmer>4.00</anzahl_zimmer><anzahl_schlafzimmer>3.00</anzahl_schlafzimmer><anzahl_badezimmer>1.00</anzahl_badezimmer><anzahl_sep_wc>1.00</anzahl_sep_wc></flaechen><ausstattung><kueche OFFEN="1"/><boden FERTIGPARKETT="1"/><heizungsart ZENTRAL="1"/><befeuerung FERN="1"/><fahrstuhl PERSONEN="1"/><bauweise MASSIV="1"/></ausstattung><zustand_angaben><baujahr>1900</baujahr><zustand zustand_art="TEIL_VOLLSANIERT"/><energiepass><epart>VERBRAUCH</epart><gueltig_bis>2023-08-23</gueltig_bis><energieverbrauchkennwert>74.10</energieverbrauchkennwert></energiepass><verkaufstatus stand="OFFEN"/></zustand_angaben><bewertung/><infrastruktur/><freitexte><objekttitel>4 Zimmer mit 2 Balkonen im frisch sanierten Altbau !</objekttitel><dreizeiler/><lage>Gelegen ist die Wohnung im Travekiez in Friedrichshain. In nur wenigen Minuten erreichen Sie die beliebte Simon-Dach-Straße. Die U- und S-Bahn Frankfurter Allee ist fußläufig erreichbar  </lage><ausstatt_beschr>Die frisch renovierte 4-Zimmerwohnung liegt im 4.OG und ist über den neu angebauten Aufzug erreichbar. In der gesamten Wohnung wurde neues Echtholzparkett verlegt und das Bad wurde modern gefliest. Die Wohnung verfügt über einen großzügigen Wohnraum mit offener Küche, ein großes Schlafzimmer und zwei kleinere Zimmer, die als Kinder- oder Arbeitszimmer dienen können. </ausstatt_beschr><objektbeschreibung>Das um 1900 entstandene Berliner Mehrfamilienhaus wurde dieses Jahr umfassend und hochwertig renoviert.  
Andere Wohnungen sind auch unter www.28guertelstrasse.de zu sehen.</objektbeschreibung><sonstige_angaben/></freitexte><anhaenge><anhang location="EXTERN" gruppe="TITELBILD"><anhangtitel>Balkon</anhangtitel><format>jpg</format><daten><pfad>Foto_16510.jpg</pfad></daten></anhang><anhang location="EXTERN" gruppe="GRUNDRISS"><anhangtitel>Grundriss</anhangtitel><format>jpg</format><daten><pfad>Grundriss_19488.jpg</pfad></daten></anhang><anhang location="EXTERN" gruppe="BILD"><anhangtitel>Wohnzimmer</anhangtitel><format>jpg</format><daten><pfad>Foto_19666.jpg</pfad></daten></anhang><anhang location="EXTERN" gruppe="BILD"><anhangtitel>Flur / Gäste-WC</anhangtitel><format>jpg</format><daten><pfad>Foto_19490.jpg</pfad></daten></anhang><anhang location="EXTERN" gruppe="BILD"><anhangtitel>Zimmer</anhangtitel><format>jpg</format><daten><pfad>Foto_19668.jpg</pfad></daten></anhang><anhang location="EXTERN" gruppe="BILD"><anhangtitel>Badzimmer</anhangtitel><format>jpg</format><daten><pfad>Foto_16504.jpg</pfad></daten></anhang><anhang location="EXTERN" gruppe="BILD"><anhangtitel>Balkon</anhangtitel><format>jpg</format><daten><pfad>Foto_19064.jpg</pfad></daten></anhang><anhang location="EXTERN" gruppe="BILD"><anhangtitel>Zimmer</anhangtitel><format>jpg</format><daten><pfad>Foto_13049.jpg</pfad></daten></anhang><anhang location="EXTERN" gruppe="BILD"><anhangtitel>Zimmer</anhangtitel><format>jpg</format><daten><pfad>Foto_13041.jpg</pfad></daten></anhang><anhang location="EXTERN" gruppe="BILD"><anhangtitel>Detail</anhangtitel><format>jpg</format><daten><pfad>Foto_19672.jpg</pfad></daten></anhang></anhaenge><verwaltung_objekt><objektadresse_freigeben>0</objektadresse_freigeben><verfuegbar_ab>Sofort</verfuegbar_ab></verwaltung_objekt><verwaltung_techn><objektnr_intern>2993</objektnr_intern><objektnr_extern>BO-GU-28-17</objektnr_extern><aktion aktionart="CHANGE"/><openimmo_obid>5381_2993_BO-GU-28-17</openimmo_obid><kennung_ursprung>onOffice Software</kennung_ursprung><stand_vom>2014-06-04</stand_vom><weitergabe_generell>1</weitergabe_generell></verwaltung_techn></immobilie></anbieter></openimmo>
