<?xml version="1.0" encoding="utf-8"?>
<openimmo ><uebertragung xmlns="" art="OFFLINE" umfang="TEIL" modus="CHANGE" version="1.2.4" sendersoftware="OOF" senderversion="$Rev: 41634 $" techn_email="berlin@aden-immo.com" timestamp="2014-06-05T14:56:28.0+00:00"/><anbieter xmlns=""><anbieternr>immoneda</anbieternr><firma>ADEN Immo GmbH</firma><openimmo_anid>immoneda</openimmo_anid><immobilie><objektkategorie><nutzungsart WOHNEN="0" GEWERBE="0" ANLAGE="1"/><vermarktungsart KAUF="1" MIETE_PACHT="0"/><objektart><haus/></objektart></objektkategorie><geo><ort>Berlin</ort><geokoordinaten breitengrad="52.47041" laengengrad="13.34370"/><strasse>Rubensstr.</strasse><hausnummer>58</hausnummer><land iso_land="DEU"/><anzahl_etagen>5</anzahl_etagen><regionaler_zusatz>Schöneberg</regionaler_zusatz></geo><kontaktperson><email_zentrale>berlin@aden-immo.com</email_zentrale><email_direkt>patrick.schloeffel@aden-immo.com</email_direkt><tel_zentrale>+49 30 61675115</tel_zentrale><tel_durchw>+49 30 42088380</tel_durchw><tel_fax>+49 30 42088381</tel_fax><tel_handy>0172 8673810</tel_handy><name>Schlöffel</name><vorname>Patrick</vorname><anrede>Herr</anrede><anrede_brief>Sehr geehrter Herr Schlöffel,</anrede_brief><firma>ADEN Immo GmbH</firma><zusatzfeld/><strasse>Hufelandstr.</strasse><hausnummer>23</hausnummer><plz>10407</plz><ort>Berlin</ort><land iso_land="DEU"/><url>www.aden-immo.com</url></kontaktperson><preise><kaufpreis>1650000.00</kaufpreis><kaufpreis_pro_qm>1701.50</kaufpreis_pro_qm><provisionspflichtig>1</provisionspflichtig><waehrung iso_waehrung="EUR"/><nettorendite_soll>4.36</nettorendite_soll><mieteinnahmen_ist periode="JAHR">65604.96</mieteinnahmen_ist><mieteinnahmen_soll periode="JAHR">72000.00</mieteinnahmen_soll><stp_sonstige platzart="SONSTIGES" stellplatzmiete="0.00" stellplatzkaufpreis="0.00" anzahl="0"/></preise><versteigerung/><flaechen><wohnflaeche>969.73</wohnflaeche><gesamtflaeche>969.73</gesamtflaeche><grundstuecksflaeche>727.00</grundstuecksflaeche><vermietbare_flaeche>969.73</vermietbare_flaeche><anzahl_wohneinheiten>13.00</anzahl_wohneinheiten></flaechen><ausstattung><boden/><heizungsart ETAGE="1"/><befeuerung GAS="1"/></ausstattung><zustand_angaben><baujahr>1900</baujahr><verkaufstatus stand="OFFEN"/></zustand_angaben><bewertung/><infrastruktur/><freitexte><objekttitel/><dreizeiler/><lage/><ausstatt_beschr/><objektbeschreibung/><sonstige_angaben/></freitexte><anhaenge><anhang location="EXTERN" gruppe="TITELBILD"><anhangtitel>Rubensstr.</anhangtitel><format>jpg</format><daten><pfad>Foto_25160.jpg</pfad></daten></anhang></anhaenge><verwaltung_objekt><objektadresse_freigeben>0</objektadresse_freigeben></verwaltung_objekt><verwaltung_techn><objektnr_intern>6258</objektnr_intern><objektnr_extern>MA-RU-58</objektnr_extern><aktion aktionart="CHANGE"/><openimmo_obid>immoneda_6258_MA-RU-58</openimmo_obid><kennung_ursprung>onOffice Software</kennung_ursprung><stand_vom>2014-06-05</stand_vom><weitergabe_generell>1</weitergabe_generell></verwaltung_techn></immobilie></anbieter></openimmo>
