<?xml version="1.0" encoding="utf-8"?>
<openimmo ><uebertragung xmlns="" art="OFFLINE" umfang="TEIL" modus="CHANGE" version="1.2.4" sendersoftware="OOF" senderversion="$Rev: 41634 $" techn_email="berlin@aden-immo.com" timestamp="2014-06-04T13:49:07.0+00:00"/><anbieter xmlns=""><anbieternr>immoneda</anbieternr><firma>ADEN Immo GmbH</firma><openimmo_anid>immoneda</openimmo_anid><immobilie><objektkategorie><nutzungsart WOHNEN="1" GEWERBE="0"/><vermarktungsart KAUF="1" MIETE_PACHT="0"/><objektart><wohnung wohnungtyp="ETAGE"/></objektart></objektkategorie><geo><plz>12043</plz><ort>Berlin</ort><geokoordinaten breitengrad="52.48469" laengengrad="13.43079"/><strasse>Donaustraße</strasse><hausnummer>6</hausnummer><land iso_land="DEU"/><etage>1</etage><wohnungsnr>16</wohnungsnr><regionaler_zusatz>Neukölln</regionaler_zusatz></geo><kontaktperson><email_zentrale>berlin@aden-immo.com</email_zentrale><email_direkt>mathias.lehmann@aden-immo.com</email_direkt><tel_zentrale>+49 30 61675115</tel_zentrale><tel_durchw>+49 30 42088380</tel_durchw><tel_fax>+49 30 42088381</tel_fax><tel_handy>+49 176 39652742</tel_handy><name>Lehmann</name><vorname>Mathias</vorname><anrede>Herr</anrede><anrede_brief>Sehr geehrter Herr Lehmann,</anrede_brief><firma>ADEN Immo GmbH</firma><zusatzfeld/><strasse>Hufelandstraße</strasse><hausnummer>23</hausnummer><plz>10407</plz><ort>Berlin</ort><land iso_land="DEU"/><url>www.aden-immo.com</url></kontaktperson><preise><kaufpreis>143800.00</kaufpreis><hausgeld>150.00</hausgeld><kaufpreis_pro_qm>2934.69</kaufpreis_pro_qm><provisionspflichtig>1</provisionspflichtig><waehrung iso_waehrung="EUR"/><stp_sonstige platzart="SONSTIGES" stellplatzmiete="0.00" stellplatzkaufpreis="0.00" anzahl="0"/></preise><versteigerung/><flaechen><wohnflaeche>49.00</wohnflaeche><anzahl_zimmer>2.00</anzahl_zimmer><anzahl_schlafzimmer>1.00</anzahl_schlafzimmer></flaechen><ausstattung><boden LAMINAT="1"/><heizungsart ZENTRAL="1"/><befeuerung FERN="1"/><unterkellert keller="JA"/></ausstattung><zustand_angaben><baujahr>1907</baujahr><zustand zustand_art="GEPFLEGT"/><verkaufstatus stand="OFFEN"/></zustand_angaben><bewertung/><infrastruktur/><freitexte><objekttitel/><dreizeiler/><lage>Your new apartment is located close to the traditional Sonnenallee, in the very emerging district Neukölln. Although, this district is famous for its impulsivity, the Donaustraße is a very calm and nice street. Situated in a highly demanded "Kiez" between the Maybachufer, the shoppingcenter Neuköllnarkarden and the metro Hermannplatz you have a perfect infrastructure.</lage><ausstatt_beschr>The 2-room apartment is located on the 4th floor and has about 48sqm. It is equipped with well-preserved laminate. Both rooms of this bright flat offer a perfect size. The allocation of kitchen and bathroom is very functionol, no sqm is given away.With an additional charge of 10.000 € it is possible to build a balcony.</ausstatt_beschr><objektbeschreibung>The offered flat is situated in the sidewing of a nice Altbaubuilding. The facade, the courtyard and the staircase was renovated last year.</objektbeschreibung><sonstige_angaben>www.aden-immo.com</sonstige_angaben></freitexte><anhaenge><anhang location="EXTERN" gruppe="TITELBILD"><anhangtitel>Haus</anhangtitel><format>jpg</format><daten><pfad>Foto_25310.jpg</pfad></daten></anhang><anhang location="EXTERN" gruppe="BILD"><anhangtitel>Schlafzimmer</anhangtitel><format>jpg</format><daten><pfad>Foto_25322.jpg</pfad></daten></anhang><anhang location="EXTERN" gruppe="GRUNDRISS"><anhangtitel>WE16-18-20-22.jpg</anhangtitel><format>jpg</format><daten><pfad>Foto_25316.jpg</pfad></daten></anhang><anhang location="EXTERN" gruppe="BILD"><anhangtitel>Eingang</anhangtitel><format>jpg</format><daten><pfad>Foto_25308.jpg</pfad></daten></anhang><anhang location="EXTERN" gruppe="BILD"><anhangtitel>Badezimmer</anhangtitel><format>jpg</format><daten><pfad>Foto_25314.jpg</pfad></daten></anhang><anhang location="EXTERN" gruppe="BILD"><anhangtitel>Straße</anhangtitel><format>jpg</format><daten><pfad>Foto_25306.jpg</pfad></daten></anhang><anhang location="EXTERN" gruppe="BILD"><anhangtitel>Küche</anhangtitel><format>jpg</format><daten><pfad>Foto_25312.jpg</pfad></daten></anhang><anhang location="EXTERN" gruppe="BILD"><anhangtitel>Treppenhaus</anhangtitel><format>jpg</format><daten><pfad>Foto_25320.jpg</pfad></daten></anhang></anhaenge><verwaltung_objekt><objektadresse_freigeben>1</objektadresse_freigeben></verwaltung_objekt><verwaltung_techn><objektnr_intern>6540</objektnr_intern><objektnr_extern>BO-DO-6-16</objektnr_extern><aktion aktionart="CHANGE"/><openimmo_obid>immoneda_6540_BO-DO-6-16</openimmo_obid><kennung_ursprung>onOffice Software</kennung_ursprung><stand_vom>2014-06-04</stand_vom><weitergabe_generell>1</weitergabe_generell></verwaltung_techn></immobilie></anbieter></openimmo>
