<?xml version="1.0" encoding="utf-8"?>
<openimmo ><uebertragung xmlns="" art="OFFLINE" umfang="TEIL" modus="CHANGE" version="1.2.4" sendersoftware="OOF" senderversion="$Rev: 41634 $" techn_email="berlin@aden-immo.com" timestamp="2014-06-11T09:16:06.0+00:00"/><anbieter xmlns=""><anbieternr>immoneda</anbieternr><firma>ADEN Immo GmbH</firma><openimmo_anid>immoneda</openimmo_anid><immobilie><objektkategorie><nutzungsart WOHNEN="0" GEWERBE="0" ANLAGE="1"/><vermarktungsart KAUF="1" MIETE_PACHT="0"/><objektart><wohnung wohnungtyp="ETAGE"/></objektart></objektkategorie><geo><plz>10247</plz><ort>Berlin</ort><geokoordinaten breitengrad="52.51106" laengengrad="13.47174"/><strasse>Jessnerstraße</strasse><hausnummer>66</hausnummer><land iso_land="DEU"/><etage>1</etage><anzahl_etagen>1</anzahl_etagen><wohnungsnr>9</wohnungsnr><regionaler_zusatz>Friedrichshain</regionaler_zusatz></geo><kontaktperson><email_zentrale>berlin@aden-immo.com</email_zentrale><email_direkt>lars.drewes@aden-immo.com</email_direkt><tel_zentrale>+49 30 61675115</tel_zentrale><tel_durchw>+49 151 41908862</tel_durchw><tel_fax>+49 30 61675114</tel_fax><tel_handy>+49 151 41908862</tel_handy><name>Drewes</name><vorname>Lars</vorname><anrede>Herr</anrede><anrede_brief>Sehr geehrter Herr Drewes,</anrede_brief><firma>ADEN Immo GmbH</firma><zusatzfeld/><strasse>Grünberger Str.</strasse><hausnummer>50</hausnummer><plz>10245</plz><ort>Berlin</ort><land iso_land="DEU"/><url>www.aden-immo.com</url></kontaktperson><preise><kaufpreis>179140.00</kaufpreis><kaufpreis_pro_qm>2189.71</kaufpreis_pro_qm><provisionspflichtig>0</provisionspflichtig><aussen_courtage>7,14% incl. VAT</aussen_courtage><waehrung iso_waehrung="EUR"/><mieteinnahmen_ist periode="JAHR">5340</mieteinnahmen_ist><stp_sonstige platzart="SONSTIGES" stellplatzmiete="0.00" stellplatzkaufpreis="0.00" anzahl="0"/></preise><versteigerung/><flaechen><wohnflaeche>81.81</wohnflaeche><anzahl_zimmer>4.00</anzahl_zimmer><vermietbare_flaeche>81.81</vermietbare_flaeche></flaechen><ausstattung><boden DIELEN="1"/><heizungsart ZENTRAL="1"/><befeuerung GAS="1"/><unterkellert keller="JA"/></ausstattung><zustand_angaben><baujahr>1900</baujahr><zustand zustand_art="MODERNISIERT"/><verkaufstatus stand="OFFEN"/><user_defined_simplefield feldname="epass_baujahr">1900</user_defined_simplefield></zustand_angaben><bewertung/><infrastruktur/><freitexte><objekttitel>Buy up to 30% cheaped! Invest in a rented flat!!</objekttitel><dreizeiler/><lage>Very nice and livind area in Friedrichshain - still quiet and familial - Shops, Cafés, restaurants and public transportation are very closed</lage><ausstatt_beschr>- Nice 4 room apartment in the rear building
- Very good state
- Miete : 445€
- ROI: 3,07%</ausstatt_beschr><objektbeschreibung>Nice and in a very good state Altbau in Friedrichshain - newly renovated courtyard and stairways.</objektbeschreibung><sonstige_angaben>An investment for tomorrow!
- Up to 30% cheaped than an empty apartement 
- ROI can be incerased by rent rising
- High potential by reselling (increasing prices in Berlin)
- No taxation on capital gains after 10 years!</sonstige_angaben></freitexte><anhaenge><anhang location="EXTERN" gruppe="TITELBILD"><anhangtitel>Fassade</anhangtitel><format>jpg</format><daten><pfad>Foto_20496.jpg</pfad></daten></anhang><anhang location="EXTERN" gruppe="GRUNDRISS"><anhangtitel>Grundriss</anhangtitel><format>jpg</format><daten><pfad>Foto_20984.jpg</pfad></daten></anhang><anhang location="EXTERN" gruppe="BILD"><anhangtitel>Muster aus dem Haus</anhangtitel><format>jpg</format><daten><pfad>Foto_20986.jpg</pfad></daten></anhang><anhang location="EXTERN" gruppe="BILD"><anhangtitel>Muster aus dem Haus</anhangtitel><format>jpg</format><daten><pfad>Foto_20990.jpg</pfad></daten></anhang><anhang location="EXTERN" gruppe="BILD"><anhangtitel>Muster</anhangtitel><format>jpg</format><daten><pfad>Foto_20988.jpg</pfad></daten></anhang><anhang location="EXTERN" gruppe="BILD"><anhangtitel>Innenhof</anhangtitel><format>jpg</format><daten><pfad>Foto_20490.jpg</pfad></daten></anhang><anhang location="EXTERN" gruppe="BILD"><anhangtitel>Hof</anhangtitel><format>jpg</format><daten><pfad>Foto_20500.jpg</pfad></daten></anhang><anhang location="EXTERN" gruppe="BILD"><anhangtitel>Energieausweis</anhangtitel><format>jpg</format><daten><pfad>Foto_20980.jpg</pfad></daten></anhang><anhang location="EXTERN" gruppe="BILD"><anhangtitel>Jessnerstraße </anhangtitel><format>jpg</format><daten><pfad>Foto_20982.jpg</pfad></daten></anhang></anhaenge><verwaltung_objekt><objektadresse_freigeben>1</objektadresse_freigeben><vermietet>1</vermietet></verwaltung_objekt><verwaltung_techn><objektnr_intern>5234</objektnr_intern><objektnr_extern>BO-JE-66-9</objektnr_extern><aktion aktionart="CHANGE"/><openimmo_obid>immoneda_5234_BO-JE-66-9</openimmo_obid><kennung_ursprung>onOffice Software</kennung_ursprung><stand_vom>2014-05-20</stand_vom><weitergabe_generell>1</weitergabe_generell></verwaltung_techn></immobilie></anbieter></openimmo>
