<?xml version="1.0" encoding="utf-8"?>
<openimmo ><uebertragung xmlns="" art="OFFLINE" umfang="TEIL" modus="CHANGE" version="1.2.4" sendersoftware="OOF" senderversion="$Rev: 41634 $" techn_email="berlin@aden-immo.com" timestamp="2014-06-10T09:41:32.0+00:00"/><anbieter xmlns=""><anbieternr>5381</anbieternr><firma>ADEN Immo GmbH</firma><openimmo_anid>5381</openimmo_anid><immobilie><objektkategorie><nutzungsart WOHNEN="1" GEWERBE="0"/><vermarktungsart KAUF="1" MIETE_PACHT="0"/><objektart><wohnung wohnungtyp="ETAGE"/></objektart></objektkategorie><geo><plz>10245</plz><ort>Berlin</ort><geokoordinaten breitengrad="52.51183" laengengrad="13.47557"/><strasse>Guertelstr</strasse><hausnummer>28</hausnummer><land iso_land="DEU"/><etage>4</etage><anzahl_etagen>5</anzahl_etagen><regionaler_zusatz>Friedrichshain</regionaler_zusatz></geo><kontaktperson><email_zentrale>berlin@aden-immo.com</email_zentrale><email_direkt>olivier.montero@aden-immo.com</email_direkt><tel_zentrale>+49 30 61675115</tel_zentrale><tel_durchw>+49 30 61675115</tel_durchw><tel_fax>+49 30 61675114</tel_fax><name>Montero</name><vorname>Olivier</vorname><anrede>Herr</anrede><anrede_brief>Cher Monsieur Montero,</anrede_brief><firma>ADEN Immo GmbH</firma><zusatzfeld/><strasse>Günberger Straße</strasse><hausnummer>50</hausnummer><plz>10245</plz><ort>Berlin</ort><land iso_land="DEU"/><url>www.aden-immo.com</url></kontaktperson><preise><kaufpreis>260000.00</kaufpreis><zzg_mehrwertsteuer>1</zzg_mehrwertsteuer><hausgeld>345.00</hausgeld><kaufpreis_pro_qm>3257.33</kaufpreis_pro_qm><provisionspflichtig>1</provisionspflichtig><aussen_courtage mit_mwst="1">7,14% TTC</aussen_courtage><waehrung iso_waehrung="EUR"/><stp_sonstige platzart="SONSTIGES" stellplatzmiete="0.00" stellplatzkaufpreis="0.00" anzahl="0"/></preise><versteigerung/><flaechen><wohnflaeche>79.82</wohnflaeche><anzahl_zimmer>4.00</anzahl_zimmer><anzahl_schlafzimmer>3.00</anzahl_schlafzimmer><anzahl_badezimmer>1.00</anzahl_badezimmer><anzahl_sep_wc>1.00</anzahl_sep_wc></flaechen><ausstattung><kueche OFFEN="1"/><boden FERTIGPARKETT="1"/><heizungsart ZENTRAL="1"/><befeuerung FERN="1"/><fahrstuhl PERSONEN="1"/></ausstattung><zustand_angaben><baujahr>1900</baujahr><zustand zustand_art="TEIL_VOLLSANIERT"/><verkaufstatus stand="OFFEN"/></zustand_angaben><bewertung/><infrastruktur/><freitexte><objekttitel>4 pièces avec 2 balcons et ascenceur !!</objekttitel><dreizeiler/><lage>L'immeuble est situé dans le quartier très demandé de Friedrichshain, à proximité d'Ostkreuz. Les transports en commun, comme les restaurants, les cafés et bars, sont à quelques minutes à pied (S-Bahn, Tram, Bus).</lage><ausstatt_beschr>Cet appartement, placé au 4ème étage, dispose de 4 pièces, dont un grand séjour avec cuisine ouverte, une salle de bain entièrement refaite, 3 chambres à coucher et 2 balcons. 
</ausstatt_beschr><objektbeschreibung>Cet immeuble de 1900, typique du début du XXème siècle, a été entièrement rénové entre 2012 et 2013. Tous les appartements sont accessibles par l'ascenseur qui a été installé au cours des travaux. 
</objektbeschreibung><sonstige_angaben/></freitexte><anhaenge><anhang location="EXTERN" gruppe="TITELBILD"><anhangtitel>Balcons</anhangtitel><format>jpg</format><daten><pfad>Foto_16510.jpg</pfad></daten></anhang><anhang location="EXTERN" gruppe="GRUNDRISS"><anhangtitel>Plan</anhangtitel><format>jpg</format><daten><pfad>Grundriss_19488.jpg</pfad></daten></anhang><anhang location="EXTERN" gruppe="BILD"><anhangtitel>Wohnzimmer</anhangtitel><format>jpg</format><daten><pfad>Foto_19666.jpg</pfad></daten></anhang><anhang location="EXTERN" gruppe="BILD"><anhangtitel>Couloir / WC séparé</anhangtitel><format>jpg</format><daten><pfad>Foto_19490.jpg</pfad></daten></anhang><anhang location="EXTERN" gruppe="BILD"><anhangtitel>Zimmer</anhangtitel><format>jpg</format><daten><pfad>Foto_19668.jpg</pfad></daten></anhang><anhang location="EXTERN" gruppe="BILD"><anhangtitel>Salle de bain</anhangtitel><format>jpg</format><daten><pfad>Foto_16504.jpg</pfad></daten></anhang><anhang location="EXTERN" gruppe="BILD"><anhangtitel>Balcon</anhangtitel><format>jpg</format><daten><pfad>Foto_19064.jpg</pfad></daten></anhang><anhang location="EXTERN" gruppe="BILD"><anhangtitel>Chambre</anhangtitel><format>jpg</format><daten><pfad>Foto_13049.jpg</pfad></daten></anhang><anhang location="EXTERN" gruppe="BILD"><anhangtitel>Chambre</anhangtitel><format>jpg</format><daten><pfad>Foto_13041.jpg</pfad></daten></anhang><anhang location="EXTERN" gruppe="BILD"><anhangtitel>Detail</anhangtitel><format>jpg</format><daten><pfad>Foto_19672.jpg</pfad></daten></anhang></anhaenge><verwaltung_objekt><objektadresse_freigeben>0</objektadresse_freigeben><verfuegbar_ab>Novembre 2013</verfuegbar_ab></verwaltung_objekt><verwaltung_techn><objektnr_intern>2997</objektnr_intern><objektnr_extern>BO-GU-28-17</objektnr_extern><aktion aktionart="CHANGE"/><openimmo_obid>5381_2997_BO-GU-28-17</openimmo_obid><kennung_ursprung>onOffice Software</kennung_ursprung><stand_vom>2014-06-05</stand_vom><weitergabe_generell>1</weitergabe_generell></verwaltung_techn></immobilie></anbieter></openimmo>
