<?xml version="1.0" encoding="utf-8"?>
<openimmo ><uebertragung xmlns="" art="OFFLINE" umfang="TEIL" modus="CHANGE" version="1.2.4" sendersoftware="OOF" senderversion="$Rev: 41634 $" techn_email="berlin@aden-immo.com" timestamp="2014-06-05T16:06:19.0+00:00"/><anbieter xmlns=""><anbieternr>5381</anbieternr><firma>ADEN Immo GmbH</firma><openimmo_anid>5381</openimmo_anid><immobilie><objektkategorie><nutzungsart WOHNEN="1" GEWERBE="0"/><vermarktungsart KAUF="1" MIETE_PACHT="0"/><objektart><wohnung wohnungtyp="ETAGE"/></objektart></objektkategorie><geo><plz>12043</plz><ort>Berlin</ort><geokoordinaten breitengrad="52.48469" laengengrad="13.43079"/><strasse>Donaustraße</strasse><hausnummer>6</hausnummer><land iso_land="DEU"/><etage>1</etage><wohnungsnr>16</wohnungsnr><regionaler_zusatz>Neukölln</regionaler_zusatz></geo><kontaktperson><email_zentrale>berlin@aden-immo.com</email_zentrale><email_direkt>mathias.lehmann@aden-immo.com</email_direkt><tel_zentrale>+49 30 61675115</tel_zentrale><tel_durchw>+49 30 42088380</tel_durchw><tel_fax>+49 30 42088381</tel_fax><tel_handy>+49 176 39652742</tel_handy><name>Lehmann</name><vorname>Mathias</vorname><anrede>Herr</anrede><anrede_brief>Sehr geehrter Herr Lehmann,</anrede_brief><firma>ADEN Immo GmbH</firma><zusatzfeld/><strasse>Hufelandstraße</strasse><hausnummer>23</hausnummer><plz>10407</plz><ort>Berlin</ort><land iso_land="DEU"/><url>www.aden-immo.com</url></kontaktperson><preise><kaufpreis>143800.00</kaufpreis><hausgeld>150.00</hausgeld><kaufpreis_pro_qm>2934.69</kaufpreis_pro_qm><provisionspflichtig>1</provisionspflichtig><aussen_courtage>7,14% inkl. MwSt.</aussen_courtage><waehrung iso_waehrung="EUR"/><stp_sonstige platzart="SONSTIGES" stellplatzmiete="0.00" stellplatzkaufpreis="0.00" anzahl="0"/></preise><versteigerung/><flaechen><wohnflaeche>49.00</wohnflaeche><anzahl_zimmer>2.00</anzahl_zimmer><anzahl_schlafzimmer>1.00</anzahl_schlafzimmer></flaechen><ausstattung><boden LAMINAT="1"/><heizungsart ZENTRAL="1"/><befeuerung FERN="1"/><unterkellert keller="JA"/></ausstattung><zustand_angaben><baujahr>1907</baujahr><zustand zustand_art="GEPFLEGT"/><energiepass><epart>VERBRAUCH</epart><gueltig_bis>2023-01-22</gueltig_bis><energieverbrauchkennwert>90.00</energieverbrauchkennwert></energiepass><verkaufstatus stand="OFFEN"/></zustand_angaben><bewertung/><infrastruktur/><freitexte><objekttitel>Schöne 2-Zimmeraltbauwohnung im Herzen Neuköllns!</objekttitel><dreizeiler/><lage>Im stark aufstrebenden Neukölln liegt die Wohnung unweit der traditionsreichen Sonnenallee. Obwohl der Bezirk als besonders pulsiv bezeichnet wird, handelt es sich hierbei um eine ruhige Seitenstraße, die von klassischen Altbauten geprägt ist. Im begehrten Kiez zwischen dem Maybachufer, den Neuköllnarkarden und dem U-Bhf Herrmanplatz ist eine sehr gute Infrastruktur gewährleistet.</lage><ausstatt_beschr>Das renovierte 2-Zimmeraltbauapartment verfügt über 48m². Sie ist mit gut erhaltenen und erneuerten Dielen ausgestattet. Beide Zimmer der Wohnung weisen eine gute Größe auf. Sowohl die Küche als auch das Bad haben eine funktionale Aufteilung. Mit einem Aufpreis von ca.10.000 € ist ein Balkonanbau gestattet.</ausstatt_beschr><objektbeschreibung>Die hier angebotene Wohnung befindet sich in einem Altbau aus der Jahrhundertwende. Die Fassade, der Innenhof und das Treppenhaus wurden 2013 neu gestaltet. Im 1. OG des Seitenflügels liegt diese schöne bezugsfreie Wohnung.</objektbeschreibung><sonstige_angaben>www.aden-immo.com
Weitere Objekte des Programms unter www.donau6.de</sonstige_angaben></freitexte><anhaenge><anhang location="EXTERN" gruppe="TITELBILD"><anhangtitel>Haus</anhangtitel><format>jpg</format><daten><pfad>Foto_25310.jpg</pfad></daten></anhang><anhang location="EXTERN" gruppe="BILD"><anhangtitel>Schlafzimmer</anhangtitel><format>jpg</format><daten><pfad>Foto_25322.jpg</pfad></daten></anhang><anhang location="EXTERN" gruppe="GRUNDRISS"><anhangtitel>WE16-18-20-22.jpg</anhangtitel><format>jpg</format><daten><pfad>Foto_25316.jpg</pfad></daten></anhang><anhang location="EXTERN" gruppe="BILD"><anhangtitel>Eingang</anhangtitel><format>jpg</format><daten><pfad>Foto_25308.jpg</pfad></daten></anhang><anhang location="EXTERN" gruppe="BILD"><anhangtitel>Badezimmer</anhangtitel><format>jpg</format><daten><pfad>Foto_25314.jpg</pfad></daten></anhang><anhang location="EXTERN" gruppe="BILD"><anhangtitel>Straße</anhangtitel><format>jpg</format><daten><pfad>Foto_25306.jpg</pfad></daten></anhang><anhang location="EXTERN" gruppe="BILD"><anhangtitel>Küche</anhangtitel><format>jpg</format><daten><pfad>Foto_25312.jpg</pfad></daten></anhang><anhang location="EXTERN" gruppe="BILD"><anhangtitel>Treppenhaus</anhangtitel><format>jpg</format><daten><pfad>Foto_25320.jpg</pfad></daten></anhang></anhaenge><verwaltung_objekt><objektadresse_freigeben>1</objektadresse_freigeben></verwaltung_objekt><verwaltung_techn><objektnr_intern>6538</objektnr_intern><objektnr_extern>BO-DO-6-16</objektnr_extern><aktion aktionart="CHANGE"/><openimmo_obid>5381_6538_BO-DO-6-16</openimmo_obid><kennung_ursprung>onOffice Software</kennung_ursprung><stand_vom>2014-06-05</stand_vom><weitergabe_generell>1</weitergabe_generell></verwaltung_techn></immobilie></anbieter></openimmo>
